nome,telefone,site,endereco,avaliacoes,nota,categoria
LAST FIT - Personal Boutique,,https://www.lastfit.com.br/,"LAST FIT - Personal Boutique - R. 7 de Maio, 665 - Sala 101 - Itoupava Norte, Blumenau - SC, 89052-050",28,5.000000,Gym
Franciele Hahne Personal Studio,(47) 99222-0192,,"Franciele Hahne Personal Studio - Rua Uruguai, 111 - sala 04 - Ponta Aguda, Blumenau - SC, 89050-060",27,5.000000,Personal trainer
MPFIT Studio Personal,(47) 99632-7766,,"MPFIT Studio Personal - Alameda Rio Branco, 941 - Jardim Blumenau, Blumenau - SC, 89010-301",37,5.000000,Personal trainer
STUDIO FITNESS TATIANE BORGES,(47) 99726-4064,https://www.instagram.com/studiofitnesstatianeborges/,"STUDIO FITNESS TATIANE BORGES - R. Amazonas, 1852 - Garcia, Blumenau - SC, 89021-000",30,4.900000,Personal trainer
Studio Aljava Personal Training,(47) 99101-3207,https://www.instagram.com/aljavastudiobnu/,"Studio Aljava Personal Training - R. Alm. Barroso, 767 - Vila Nova, Blumenau - SC, 89035-401",49,4.800000,Personal trainer
MOVE.ME Treinamento Funcional,(47) 3237-7966,http://www.movemefuncional.com.br/,"MOVE.ME Treinamento Funcional - R. São Paulo, 245 - Sala 101 (térreo - Victor Konder, Blumenau - SC, 89012-001",62,4.900000,Fitness center
SB Training,,,"SB Training - R. Alberto Felício Adriano, 653 - Fortaleza, Blumenau - SC, 89055-050",15,5.000000,Personal trainer
Studio Jairo Pereira,(47) 98845-8999,,"Studio Jairo Pereira - R. Victor Hering, 468 - Bom Retiro, Blumenau - SC, 89010-520",5,5.000000,Personal trainer
Fabrício Santana - Treinamento Funcional,(47) 99956-3689,https://linktr.ee/personal.fabricio,"Fabrício Santana - Treinamento Funcional - R. São Joaquim, 28 - Centro, Blumenau - SC, 89012-420",22,5.000000,Volleyball instructor
Healing Move Personal Studio,(47) 99217-5525,,"Healing Move Personal Studio - Rua Frei Estanislau Schaette, 2187 - Velha, Blumenau - SC, 89037-003",21,5.000000,Personal trainer
Studio Simone Menegazzo Esthetic & Fitness,(47) 99757-3379,,"Studio Simone Menegazzo Esthetic & Fitness - R. Clara Persuhn, 468 - Itoupava Seca, Blumenau - SC, 89030-140",42,5.000000,Physical fitness program
Cristiano Bàptistell Personal Trainer,(47) 99929-9233,https://linkme.bio/crismichelff,"Cristiano Bàptistell Personal Trainer - R. Humberto de Campos, 77 - Centro, Blumenau - SC, 89012-499",22,5.000000,Personal trainer
Studio Rafael Possamai - Treinamento Funcional,(47) 99130-7190,,"Studio Rafael Possamai - Treinamento Funcional - Rua Engenheiro Paul Werner, 108 - Itoupava Seca, Blumenau - SC, 89030-100",34,5.000000,Fitness center
Full Body Academia Blumenau,(47) 99952-4828,,"Full Body Academia Blumenau - R. Itajaí, 2560 - Vorstadt, Blumenau - SC, 89015-203",423,4.900000,Gym
"VT Running | Grupo de corrida em Blumenau e Gaspar, Planilha de corrida, Treinamento funcional, Personal Trainer",(47) 98900-6606,https://vtrunning.com.br/,"VT Running | Grupo de corrida em Blumenau e Gaspar, Planilha de corrida, Treinamento funcional, Personal Trainer - R. Dois de Setembro, 1741 - Itoupava Norte, Blumenau - SC, 89052-002",13,5.000000,Personal trainer
Fit Up - Treinamento Físico,(47) 99117-1906,https://www.instagram.com/fitup.treinamentofisico/,"Fit Up - Treinamento Físico - R. Augusto Gustavo Isleb, 160 - Velha Central, Blumenau - SC, 89042-282",38,5.000000,Personal trainer
Studio7 Fitness & Health,(47) 3209-8778,https://www.studio7fitness.com.br/,"Studio7 Fitness & Health - R. Alm. Barroso, 201 - Vila Nova, Blumenau - SC, 89035-401",81,4.900000,Personal trainer
Leandro Diman Personal Studio,(47) 99220-5356,,"Leandro Diman Personal Studio - R. Itajaí, 3283 - Vorstadt, Blumenau - SC, 89015-203",5,5.000000,Gym
STUDIO 22 PERSONAL FIT,(47) 99185-4116,,"STUDIO 22 PERSONAL FIT - R. Dorval Roncáglio, 70 - 2º piso - Água Verde, Blumenau - SC, 88041-683",6,4.800000,Gym
GSM Personal & Fitness,(47) 99124-9191,http://www.gsmpersonal.com.br/,"GSM Personal & Fitness - Alameda Rio Branco, 840 - Vila Formosa, Blumenau - SC, 89010-300",21,4.900000,Fitness center
Clínica Veterinária Satori Água Verde,(47) 3080-0820,http://satoricv.com.br/,"Clínica Veterinária Satori Água Verde - R. Johann Ohf, 362 - Água Verde, Blumenau - SC, 89042-300",403,4.700000,Animal hospital
Veterinary Hospital Santa Catarina,(47) 3037-1288,http://www.hovetsc.com.br/,"Veterinary Hospital Santa Catarina - R. Iguaçu, 177 - Itoupava Seca, Blumenau - SC, 89030-030",818,4.600000,Animal hospital
Clinica Veterinaria Bicho Mascote 24 horas,(47) 3285-8838,https://www.bichomascote.com.br/,"Clinica Veterinaria Bicho Mascote 24 horas - R. Benjamin Constant, 2265 - Vila Nova, Blumenau - SC, 89035-100",358,4.900000,Animal hospital
Arca Clínica Veterinária 24 Horas,(47) 3035-3585,https://www.veterinariaarca.com.br/,"Arca Clínica Veterinária 24 Horas - R. Joinville, 746 - Vila Nova, Blumenau - SC, 89035-200",734,4.700000,Veterinarian
Bluvet Clínica Veterinária 24 HORAS!,(47) 99617-0606,http://bluvet.com.br/,"Bluvet Clínica Veterinária 24 HORAS! - R. Benjamin Constant, 2868 - Vila Nova, Blumenau - SC, 89035-100",46,4.900000,Emergency veterinarian service
Tierwelt - Clínica Veterinária & Pet Shop (Plantão 24h),(47) 3288-3773,http://www.tierwelt.com.br/,"Tierwelt - Clínica Veterinária & Pet Shop (Plantão 24h) - R. Des. Pedro Silva, 179 - Victor Konder, Blumenau - SC, 89012-150",336,4.900000,Veterinarian
Clínica Veterinária Bicho Mascote,(47) 3339-6047,https://www.bichomascote.com.br/,"Clínica Veterinária Bicho Mascote - R. Francisco Vahldieck, 2687 - Fortaleza, Blumenau - SC, 89057-001",587,4.900000,Veterinarian
Hospital e Clinica Veterinaria Blumenau,(47) 3144-4300,http://www.hcvb.com.br/,"Hospital e Clinica Veterinaria Blumenau - R. Paraíba, 217 - Victor Konder, Blumenau - SC, 89012-130",446,4.600000,Animal hospital
SantaVet Centro de Especialidades Veterinárias,(47) 3288-2010,https://santavetclinica.com.br/,"SantaVet Centro de Especialidades Veterinárias - Rua Frei Estanislau Schaette, 870 - Água Verde, Blumenau - SC, 89037-002",333,4.700000,Animal hospital
Centro Clínico Veterinário SalvaVet 24h,(47) 99663-2210,https://www.instagram.com/salvavet24h/,"Centro Clínico Veterinário SalvaVet 24h - Rua Theodoro Holtrup, 774 - Vila Nova, Blumenau - SC, 89035-300 TELEFONE: 32852018, Blumenau - SC, 89035-300",696,4.900000,Animal hospital
Bio Bichos,(47) 3323-8158,https://www.instagram.com/bio.bichos/?igshid=YmM0MjE2YWMzOA%3D%3D,"Bio Bichos - R. São Paulo, 2253 - Itoupava Seca, Blumenau - SC, 89030-000",277,4.500000,Animal hospital
Vida Pet Clínica Veterinária,(47) 99651-2821,https://vidapetbnu.com.br/,"Vida Pet Clínica Veterinária - R. Guatemala, 135 - Ponta Aguda, Blumenau - SC, 89050-110",93,4.900000,Veterinarian
Animal Health Veterinary Clinic,(47) 99975-8515,,"Animal Health Veterinary Clinic - Vila Nova, Blumenau - SC, 89035-300",169,4.600000,Veterinarian
Clínica Veterinária Ecogarden,(47) 3041-9026,https://www.instagram.com/clinicavetecogarden/,"Clínica Veterinária Ecogarden - R. Gen. Osório, 3694 - Água Verde, Blumenau - SC, 89042-000",151,4.800000,Veterinarian
Clínica Veterinária Fortaleza Animal,(47) 3378-2624,http://www.facebook.com/animalfortaleza,"Clínica Veterinária Fortaleza Animal - R. Solingen, 355 - Itoupava Norte, Blumenau - SC, 89055-000",358,4.600000,Veterinarian
Clínica Veterinária Cia dos Bichos,(47) 99659-4466,https://sites.google.com/view/ciadosbichosblumenau,"Clínica Veterinária Cia dos Bichos - R. Érico Hoffmann, 119 - Garcia, Blumenau - SC, 89020-050",161,4.800000,Veterinarian
Clínica Veterinária Alemã,(47) 3340-2193,https://www.facebook.com/clinicavetalema/,"Clínica Veterinária Alemã - Av. Martin Luther, 390 - Centro, Blumenau - SC, 89012-010",83,4.900000,Veterinarian
Clínica Veterinária Satori Água Verde,(47) 3080-0820,http://satoricv.com.br/,"Clínica Veterinária Satori Água Verde - R. Johann Ohf, 362 - Água Verde, Blumenau - SC, 89042-300",403,4.700000,Animal hospital
Clínica Veterinária Piccollo´s,(47) 3234-4465,,"Clínica Veterinária Piccollo´s - R. Colombo, 68 - Velha, Blumenau - SC, 89036-340",89,4.900000,Veterinarian
Veterinary Clinic Mon Petit,(47) 3041-4009,https://instagram.com/vetmonpetit?igshid=MzRlODBiNWFlZA==,"Veterinary Clinic Mon Petit - R. Richard Holetz, 51 - Bom Retiro, Blumenau - SC, 89010-550",138,4.700000,Veterinarian
Centro Clínico Veterinário Alfredo Grahl,(47) 99914-5926,,"Centro Clínico Veterinário Alfredo Grahl - R. Heinrich Hosang, 95 - Victor Konder, Blumenau - SC, 89012-190",289,4.900000,Veterinarian
"Coninck BarberShop - Barbearia em Gaspar, tradição desde 1964 - barbearia Tidão",(47) 3397-0566,https://business.facebook.com/coninckbarbershop/,"Coninck BarberShop - Barbearia em Gaspar, tradição desde 1964 - barbearia Tidão - R. 7 de Setembro, 140 - sala 2 - Sete de Setembro, Gaspar - SC, 89114-840",79,4.900000,Barber shop
Bárbaro Barbearia,(47) 99996-0062,https://sites.google.com/view/barbaro-barbearia/barbaro-barbearia?authuser=4,"Bárbaro Barbearia - R. José Rafael Schmitt, 164 - SALA 04 - Santa Terezinha, Gaspar - SC, 89114-033",123,5.000000,Barber shop
Bronx BarberShop Gaspar,(47) 3018-2699,,"Bronx BarberShop Gaspar - R. São José, 212 - Centro, Gaspar - SC, 89110-010",114,4.900000,Barber shop
Brooklyn Barbearia Gaspar,(47) 99681-1600,,"Brooklyn Barbearia Gaspar - R. Doralício García - Centro, Gaspar - SC, 89110-013",8,5.000000,Barber shop
Barbearia O Paiol,(47) 99933-5843,,"Barbearia O Paiol - R. São José, 500 - Centro, Gaspar - SC, 89114-442",22,4.600000,Barber shop
Barbearia Cabra Macho-Gaspar,(47) 99118-4520,,"Barbearia Cabra Macho-Gaspar - R. Barão do Rio Branco, 600 - Sete de Setembro, Gaspar - SC, 89114-139",1,5.000000,Barber shop
Barbearia Invictus,(47) 99733-7170,,"Barbearia Invictus - R. Cel. Aristiliano Ramos - Centro, Gaspar - SC, 89110-067",19,5.000000,Barber shop
El Mustache Barbearia,(47) 99923-4183,,"El Mustache Barbearia - Av. Das Comunidades, 134 - Centro, Gaspar - SC, 89110-052",162,4.800000,Barber shop
Barbearia 4 de Agosto,(47) 99727-2192,https://barb.page.link/FsUUN,"Barbearia 4 de Agosto - R. Duque de Caxias, n° 10 - Sala 03 - Centro, Gaspar - SC, 89110-052",178,4.900000,Barber shop
Elite Barbershop,(47) 99287-8240,https://api.whatsapp.com/send?phone=5547992878240&text=Ol%C3%A1.%20Eu%20gostaria%20de%20agendar%20um%20hor%C3%A1rio!,"Elite Barbershop - R. Duque de Caxias, 133 - Centro, Gaspar - SC, 89110-052",28,4.800000,Barber shop
Barbearia Gaspar - Thur Barber StreetWear,(47) 99224-6589,https://deschamps.app.br/applink/thu,"Barbearia Gaspar - Thur Barber StreetWear - R. Euríco Fontes - Centro, Gaspar - SC, 89110-061",58,5.000000,Barber shop
GUILHERME BARBEARIA,,,"GUILHERME BARBEARIA - R. Barão do Rio Branco, 455 - Sete de Setembro, Gaspar - SC, 89114-730",1,5.000000,Barber shop
Barbearia Gaspar Street Barber Shop,(47) 98800-3770,https://www.instagram.com/streetgasparsc/,"Barbearia Gaspar Street Barber Shop - R. Itajaí, 91 - Sete de Setembro, Gaspar - SC, 89115-001",33,5.000000,Barber shop
Barbearia Du Sparta,(47) 99641-1437,,"Barbearia Du Sparta - R. Angelina Müller, 185 - Sete de Setembro, Gaspar - SC, 89114-874",52,4.900000,Barber shop
Murialan Barbershop,(47) 99745-8846,https://bit.ly/AgendamentoMurialanBarbershop,"Murialan Barbershop - Rod. Dep. Francisco Mastella - Sete de Setembro, Gaspar - SC, 89114-442",86,4.900000,Barber shop
Bravos Barbearia,(47) 99212-1542,https://www.instagram.com/bravosbarbeariagaspar/,"Rua Vereador - R. Augusto Beduschi, 127 - Centro, Gaspar - SC, 89110-070",20,4.800000,Barber shop
Clinica Veterinária Trinca Ferro,(47) 99662-1228,http://www.trincaferro.pet/,"Clinica Veterinária Trinca Ferro - Rua Arnoldo Schramm 2°, Andar, Sala 01 - Centro, Gaspar - SC, 89110-097",238,5.000000,Veterinarian
UniCão Pet Clínica Veterinária | Clínica veterinária em Gaspar | Emergência veterinária | ortopedia veterinária | Raio X |,(47) 99783-1815,https://www.instagram.com/unicaopet?igsh=MXR5OHl2dGR4dzg0dA==,"Agropecuária Cardeal - R. Barão do Rio Branco, 500 - fundos - Anexo a - Santa Terezinha, Gaspar - SC, 89114-030",113,4.700000,Veterinarian
Vet + Pet Clínica Veterinária,(47) 92001-2291,,"Em cima do supermercado top - R. Luiz Franzoi, 250 - 2 andar - sala 2 - Margem Esquerda, Gaspar - SC, 89116-652",86,4.900000,Veterinarian
Clinica Veterinaria Gaspar,(47) 3332-1258,http://www.instagram.com/clinicaveterinariagaspar,"Clinica Veterinaria Gaspar - R. Luiz Franzoi, 1000 - Margem Esquerda, Gaspar - SC, 89116-652",23,4.800000,Veterinarian
Oral Unic Implantes Gaspar,(47) 99204-0060,https://oralunicgaspar.com.br/,"Oral Unic Implantes Gaspar - R. Mario Vanzuita, 15 - Centro, Gaspar - SC, 89110-103",1607,4.900000,Dental clinic
Clínica JC - Jessica Crespi,(47) 99752-8977,https://www.jessicacrespi.com.br/,"Clínica JC - Jessica Crespi - R. Euríco Fontes, 60 - Centro, Gaspar - SC, 89110-061",77,4.900000,Dental clinic
Dental Clinic - Dr Gustavo Schmitt,(47) 98422-8608,,"Dental Clinic - Dr Gustavo Schmitt - R. Industrial José Beduschi, 200 - Centro, Gaspar - SC, 89110-001",18,4.800000,Dental clinic
OrthoDontic - Referência em Invisalign Gaspar,(47) 98467-5333,https://www.orthodonticbrasil.com.br/clinicas/gaspar-223/,"OrthoDontic - Referência em Invisalign Gaspar - R. São José, 307 - Centro, Gaspar - SC, 89110-010",115,4.800000,Dental clinic
Oral Sin Implantes Gaspar,(47) 3230-0348,https://lp.oralsingaspar.com.br/,"Oral Sin Implantes Gaspar - R. Itajaí, 304 - Sete de Setembro, Gaspar - SC, 89115-001",481,5.000000,Dental clinic
"Maximarques Odontologia - Implantes Dentários, Aparelhos Ortodônticos, Dentista em Gaspar",(47) 3018-1013,https://www.maximarques.com.br/,"Maximarques Odontologia - Implantes Dentários, Aparelhos Ortodônticos, Dentista em Gaspar - Av. Das Comunidades, 430 - Centro, Gaspar - SC, 89110-085",1593,5.000000,Dentist
OdontoCompany Gaspar,(47) 99124-4278,https://linktr.ee/odontocompany_gaspar,"OdontoCompany Gaspar - R. São José, 449 - Centro, Gaspar - SC, 89110-010",192,4.900000,Dental clinic
Constante Odontologia,(47) 99767-5775,https://instagram.com/constanteodontologia_?igshid=MXd0cGtzcjcydnpkOQ==&utm_source=qr,"Constante Odontologia - R. Industrial José Beduschi, 39 - Sala 04 - Centro, Gaspar - SC, 89110-001",78,5.000000,Dental clinic
Durante Odontologia Especializada,(47) 99292-1157,,"Durante Odontologia Especializada - R. Augusto Beduschi, 232 - terreo - Centro, Gaspar - SC, 89110-070",135,4.900000,Dental clinic
Corbari Centro de Odontologia Especializada | Dentista em Gaspar,(47) 98810-0928,https://corbariodontologia.com.br/,"Corbari Centro de Odontologia Especializada | Dentista em Gaspar - R. Doralício García, 163 - Centro, Gaspar - SC, 89110-013",440,5.000000,Dentist
Clinimais Clínica Odontológica,(47) 3332-3011,,"Clinimais Clínica Odontológica - R. Pref. Leopoldo Schramm, 85 - Coloninha, Gaspar - SC, 89114-442",172,4.900000,Dentist
Clínica Odontológica Fiori Odontologia,(47) 99613-7245,https://fioriodontologia.com.br/,"Clínica Odontológica Fiori Odontologia - R. Hercílio Fides Zimmermann, 15 - sala 202 - Margem Esquerda, Gaspar - SC, 89116-650",153,5.000000,Dental clinic
"Clínica Odontológica União - Implantes Dentários, Próteses Fixa, Aparelhos, Lentes e Dentistas em Gaspar",(47) 3332-6688,https://clinicauniaogaspar.com.br/,"Clínica Odontológica União - Implantes Dentários, Próteses Fixa, Aparelhos, Lentes e Dentistas em Gaspar - R. Cel. Aristiliano Ramos, 441 - Centro, Gaspar - SC, 89110-064",278,4.900000,Dental clinic
Odontoexcellence Gaspar,(47) 99711-9978,,"Odontoexcellence Gaspar - Rod. Dep. Francisco Mastella, 95 - Sete de Setembro, Gaspar - SC, 89110-000",107,4.900000,Dental clinic
Clínica Sorriso e Vida Gaspar,(47) 3332-4230,http://sorrisoevida.com.br/,"Clínica Sorriso e Vida Gaspar - R. São José, 253 - Sala 101 - Centro, Gaspar - SC, 89110-010",3,5.000000,Dental clinic
MCM Odontologia | Implantes dentários | Prótese protocolo | Dentista em Gaspar,(47) 3332-3330,,"MCM Odontologia | Implantes dentários | Prótese protocolo | Dentista em Gaspar - R. 7 de Setembro, 79 - Sete de Setembro, Gaspar - SC, 89114-840",33,5.000000,Dentist
Roman clínica,(47) 99276-8797,http://wa.me/5547992768797,"Roman clínica - R. São José, 253 - Sala 204 - Centro, Gaspar - SC, 89110-010",3,5.000000,Dental clinic
Dra. Carolina Heinig Odontologia | Implantes dentários e Lentes em Gaspar - SC,(47) 3397-0008,https://wa.me/5547991679344?text=Ol%C3%A1%2C%20vi%20voc%C3%AA%20no%20Google%20e%20quero%20saber%20mais%20sobre%20o%20tratamento.,"Dra. Carolina Heinig Odontologia | Implantes dentários e Lentes em Gaspar - SC - R. 7 de Setembro, 61 - Sete de Setembro, Gaspar - SC, 89114-442",22,4.700000,Dental clinic
Clínica Exclusiva Odontologia Gaspar,(47) 98422-1982,http://www.exclusivagaspar.com.br/,"Clínica Exclusiva Odontologia Gaspar - Rua Coronel Aristiliano Ramos, N’200 1• Andar, Gaspar - SC, 89110-067",192,4.900000,Dental clinic
You Sant Clinic,(47) 99201-0909,,"You Sant Clinic - R. Industrial José Beduschi, 107 - Centro, Gaspar - SC, 89110-001",15,5.000000,Dental clinic
Clínica Stetic Center,(47) 99674-8294,,"Clínica Stetic Center - R. São José, 253 - Sala 6A - Centro, Gaspar - SC, 89110-010",10,5.000000,Laser hair removal service
Dra. Vanessa Kleis,(47) 99145-2125,http://dravanessakleis.com.br/,"Clínica Cimbe - R. 7 de Setembro, 777 - 5 andar - Sala 508 - Centro, Blumenau - SC, 89010-201",34,5.000000,Health and beauty shop
Estética Edileusa Gomes,(47) 99993-6645,,"Estética Edileusa Gomes - Edf Macuco. Centro, R. Euríco Fontes, 30 - 1o andar/ sala 01 - Centro, Gaspar - SC, 89110-061",15,5.000000,Beauty salon
Beleza Essencial Clínica de Estética,(47) 99210-3521,,"Beleza Essencial Clínica de Estética - R. São José, 253 - Centro, Gaspar - SC, 89110-010",6,5.000000,Plastic surgery clinic
Beauty Flow Estética & Nails,(47) 99119-5942,,"Beauty Flow Estética & Nails - R. 7 de Setembro, 287 - Sete de Setembro, Gaspar - SC, 89114-840",4,5.000000,Nail salon
Day Regina Clínica Estética,(47) 99737-4559,,"Day Regina Clínica Estética - Rod. Dep. Francisco Mastella, 95 - Sete de Setembro, Gaspar - SC, 89114-732",2,5.000000,Health and beauty shop
Clínica de Estética Virtuosa,(47) 99957-9423,,"Clínica de Estética Virtuosa - Av. Das Comunidades, 133 - Centro, Gaspar - SC, 89110-085",31,4.600000,Health and beauty shop
Espaço Day | Estética e Beleza | Cabeleireira Manicure Pedicure Salão de Beleza,(47) 99700-2577,https://www.instagram.com/espacodayesteticaebeleza/,"Espaço Day | Estética e Beleza | Cabeleireira Manicure Pedicure Salão de Beleza - R. 7 de Setembro, 187 - Sete de Setembro, Gaspar - SC, 89114-840",3,5.000000,Beauty salon
CAROL SAZIKI BEAUTY E ESTÉTICA,(47) 99601-9707,https://www.instagram.com/carolsaziki_beauty,"CAROL SAZIKI BEAUTY E ESTÉTICA - R. Isidoro Correa, 86 - Sala 2 - Centro, Gaspar - SC, 89110-055",3,5.000000,Beautician
Estética Carla Assunção,(47) 99188-6713,,"Estética Carla Assunção - R. Manoel Bitencourt, 401 - Sete de Setembro, Gaspar - SC, 89114-758",20,5.000000,Beautician
Estética das Unhas - Samantha Locatelli,(47) 99252-9790,,"Estética das Unhas - Samantha Locatelli - R. Euríco Fontes, 89 - Centro, Gaspar - SC, 89110-120",5,5.000000,Nail salon
Luisa Licht Estética Avançada,(55) 99735-3934,,"Luisa Licht Estética Avançada - R. São José, 253 - Centro, Gaspar - SC, 89110-010",3,5.000000,Health and beauty shop
Centro de Beleza Jú,(47) 3332-1318,,"Centro de Beleza Jú - R. Doralício García, n° 232 - Centro, Gaspar - SC, 89110-013",5,4.800000,Beauty salon
Lisô Laser - Gaspar / SC,(47) 98493-2995,http://www.lisolasergaspar.com.br/,"Lisô Laser - Gaspar / SC - R. Industrial José Beduschi, 28 - Centro, Gaspar - SC, 89110-001",423,4.900000,Laser hair removal service
Clínica Estética - Nati Krieger Estética,(47) 99683-0694,https://www.instagram.com/natikriegerestetica/,"Clínica Estética - Nati Krieger Estética - R. Euríco Fontes, 89 - sala 07 - Sete de Setembro, Gaspar - SC, 89110-061",5,5.000000,Beauty salon
Estética Duda Barbieri,(47) 99772-7122,,"Estética Duda Barbieri - R. 7 de Setembro, 78 - Sete de Setembro, Gaspar - SC, 89114-860",1,5.000000,Beauty salon
Primax Imóveis,(47) 3355-5005,http://www.primaximoveis.com.br/,"Primax Imóveis - R. Rodrigues Alves, 279 - Centro 1, Brusque - SC, 88350-160",192,4.400000,Real estate agency
J Peixer Property,(47) 98420-2000,http://www.jpeixer.com.br/,"J Peixer Property - R. dos Caçadores, 2766 - Velha, Blumenau - SC, 89040-002",153,4.200000,Real estate agency
Tomio Imovéis,(47) 3332-2686,https://tomioimoveis.com.br/,"Tomio Imovéis - R. Cel. Aristiliano Ramos, 390 - 2º andar - Centro, Gaspar - SC, 89110-067",593,4.700000,Real estate agency
Portal Imóveis - Agência Gaspar,(47) 2204-1555,https://imoveisportal.com/gaspar,"Portal Imóveis - Agência Gaspar - R. Isidoro Correa, 113 - sala 02 - Centro, Gaspar - SC, 89110-055",28,4.900000,Real estate agency
APG Imóveis,(47) 3332-2554,http://www.apegeimoveis.com.br/,"APG Imóveis - R. São José, 196 - Centro, Gaspar - SC, 89110-010",122,4.300000,Real estate agency
Leandro Souza Imóveis,(47) 99740-2480,https://leandrosouzaimoveis.com.br/,"Leandro Souza Imóveis - R. 7 de Setembro, 41 - Sala 02 - Sete de Setembro, Gaspar - SC, 89114-880",7,5.000000,Real estate agency
Imobiliária Gasparense,(47) 3332-1919,http://www.imobiliariagasparense.com.br/,"Imobiliária Gasparense - R. Barão do Rio Branco, 555 - Sala 02 - Sete de Setembro, Gaspar - SC, 89114-730",3,3.700000,Real estate agency
For Life Imobiliária,(47) 99954-6837,http://www.forlifeimb.com.br/,"For Life Imobiliária - R. São José, 253 - sala A01 - Centro, Gaspar - SC, 89110-010",37,4.800000,Real estate agency
Ivan Soares Corretor de Imóveis Gaspar,(47) 3332-1818,https://ivansoares.com/,"Ivan Soares Corretor de Imóveis Gaspar - R. Cel. Aristiliano Ramos, 211 - Centro, Gaspar - SC, 89110-000",17,4.700000,Real estate agent
Jack & Carlos Imóveis - Creci 2963,(47) 3318-0002,http://www.jackimoveis.com/,"Jack & Carlos Imóveis - Creci 2963 - Av. Das Comunidades, 930 - Sala 106 - Centro, Gaspar - SC, 89110-085",8,4.300000,Real estate agency
Sonhar Imóveis,(47) 99966-0500,http://www.sonharimoveisgaspar.com.br/,"Sonhar Imóveis - R. Augusto Beduschi, 69 - Centro, Gaspar - SC, 89110-070",9,5.000000,Real estate agency
Spengler Imóveis,(47) 98804-0503,http://www.spenglerimoveis.com.br/,"Spengler Imóveis - R. Itajaí, 330 - sala 01 - Sete de Setembro, Gaspar - SC, 89115-001",103,4.600000,Real estate agent
Fischer Imóveis,(47) 99935-7711,http://imoveisfischer.com/,"Fischer Imóveis - Av. Frei Godofredo, 45 - Sala 03 - Santa Terezinha, Gaspar - SC, 89114-130",15,5.000000,Real estate agency
ZUZA imóveis,(47) 3332-0681,http://www.zuzaimoveis.com/,"ZUZA imóveis - R. Augusto Beduschi, 76 - Centro, Gaspar - SC, 89110-079",18,3.700000,Real estate agency
Paulo Gestão Imobiliária,(47) 98833-2968,,"Paulo Gestão Imobiliária - R. Monte Castelo, 33 - Sete de Setembro, Gaspar - SC, 89114-824",0,0.000000,Real estate agency
Liber Imóveis,(47) 93385-9255,https://www.liberimoveis.com.br/,"Edifício Atitude - R. São José, 253 - sala 308 - Centro, Gaspar - SC, 89110-010",32,5.000000,Real estate agency
Privativa Imóveis,(47) 3332-8379,http://www.privativaimoveis.com.br/,"Privativa Imóveis - R. Augusto Beduschi, 87 - 2 - Centro, Gaspar - SC, 89110-070",6,4.200000,Real estate agency
Farmasso Imobiliária e Incorporadora,(47) 3332-1313,,"Farmasso Imobiliária e Incorporadora - R. Barão do Rio Branco - Centro, Gaspar - SC, 89114-442",6,3.700000,Real estate agency
Rafael Cassio Imobiliária Gaspar,(47) 99108-5682,https://imoveisemgaspar.com.br/,"Rafael Cassio Imobiliária Gaspar - R. Cel. Aristiliano Ramos, 460 - Sala 02 - Centro, Gaspar - SC, 89110-000",4,5.000000,Real estate agency
Julia Sabel Corretora de Imóveis,(47) 99250-7242,https://juliasabelcorretora.com.br/,"Julia Sabel Corretora de Imóveis - R. São Pedro, 55 - Sala 02 - Centro, Gaspar - SC, 89110-082",28,5.000000,Real estate agency
RCS Investimentos Imobiliários,(47) 99927-9129,https://www.rafaelcoutinhosantos.com.br/,"RCS Investimentos Imobiliários - R. 7 de Setembro, 466 - Sala 02 - Sete de Setembro, Gaspar - SC, 89114-840",1,5.000000,Real estate agency
Santos Corretora de Imóveis,(47) 99666-4466,,"próximo da prefeitura. Atrás do coreto - R. Cel. Aristiliano Ramos, 381 - Centro, Gaspar - SC, 89110-064",8,5.000000,Real estate agency
Gaspar Auto Center,(47) 3332-0606,,"Gaspar Auto Center - R. Duque de Caxias, 203 - Centro, Gaspar - SC, 89114-442",44,4.700000,Mechanic
Kabrauto Work Center,(47) 3322-4455,https://kabrauto.com.br/,"Kabrauto Work Center - R. 7 de Setembro, 1900 - Centro, Blumenau - SC, 89010-200",1492,4.900000,Tire shop
Oficina Mecânica das Nações,(47) 3397-1464,,"Oficina Mecânica das Nações - R. Arnoldo Schramm, 33 - Sala 2 - Centro, Gaspar - SC, 89110-097",60,4.600000,Auto repair shop
Oficina Mecânica Hot Car,(47) 3332-9402,https://www.facebook.com/Hotcaroficina,"Oficina Mecânica Hot Car - R. Itajaí, 397 - Sete de Setembro, Gaspar - SC, 89115-001",39,4.500000,Auto repair shop
RACYNTEC OFICINA MECÂNICA,,,"RACYNTEC OFICINA MECÂNICA - R. 1º de Maio, 155 - Sete de Setembro, Gaspar - SC, 89114-818",0,0.000000,Auto repair shop
auto mecanica klock,(47) 3332-1302,,"auto mecanica klock - R. Barão do Rio Branco, 746 - Santa Terezinha, Gaspar - SC, 89110-000",6,3.300000,Auto repair shop
Bosch Car Service - Ricson Mecânica Automotiva,(47) 99934-0119,https://www.oficinaboschservice.com.br/ricsonmecanicaautomotiva,"Bosch Car Service - Ricson Mecânica Automotiva - Rua Itajai, 7 de setembro, 949, Gaspar - SC, 89115-001",66,4.800000,Auto repair shop
Oficina Mecânica Sidnei,(47) 3332-2178,,"Oficina Mecânica Sidnei - R. Rodolfo Gunther - Margem Esquerda, Gaspar - SC, 89114-442",15,4.900000,Auto repair shop
Jc auto mecânica,(47) 99259-3359,,"Jc auto mecânica - R. Alfredo Schramm - Gasparinho, Gaspar - SC, 89112-036",148,4.900000,Auto repair shop
Fipar Auto Mecânica,(47) 3332-1058,,"Fipar Auto Mecânica - R. Dr. Nereu Ramos, 670 - Coloninha, Gaspar - SC, 89110-110",79,4.900000,Auto repair shop
Multi Auto Mecânica - Gaspar,(47) 99747-1830,,"Multi Auto Mecânica - Gaspar - Alameda Inês Baron, 25 - Coloninha, Gaspar - SC, 89110-274",57,4.800000,Car repair and maintenance service
Oficina Mecânica Charles,(47) 3332-2178,,"Oficina Mecânica Charles - Margem Esquerda, Gaspar - SC, 89114-442",26,4.700000,Car repair and maintenance service
Repintura Automotiva Gaspar Grande,(47) 99755-3452,,"Anesso ao Posto - Av. Das Comunidades, 990 - Santa Terezinha, Gaspar - SC, 89110-000",1,5.000000,Auto bodywork mechanic
MECÂNICA SANTA TEREZINHA,(47) 3332-3496,,"MECÂNICA SANTA TEREZINHA - Av. Fr Godofredo Siebert, 1623 - Santa Terezinha, Gaspar - SC, 89110-000",13,4.800000,Auto repair shop
GKF Moto Parts Oficina,(47) 3332-2499,,"GKF Moto Parts Oficina - R. Duque de Caxias, 215 - Centro, Gaspar - SC, 89110-052",150,4.800000,Motorcycle repair shop
Auto Mecânica Carvalho,(47) 3397-1458,https://linktr.ee/mecanicacarvalho,"Auto Mecânica Carvalho - R. Dr. Nereu Ramos, 1316 - Coloninha, Gaspar - SC, 89110-110",30,4.700000,Auto repair shop
Auto Mecânica Marcos em Gaspar,(47) 99679-1515,,"Auto Mecânica Marcos em Gaspar - R. Frei Solano, 1580 - Gasparinho, Gaspar - SC, 89112-070",41,4.900000,Car repair and maintenance service
New Centro Automotivo,(47) 3332-2439,,"New Centro Automotivo - R. Leopoldo Alberto Schramm, 468 - Gaspar Mirim, Gaspar - SC, 89114-442",33,4.600000,Auto repair shop
Kiki Auto Mecânica,(47) 98489-9322,,"Kiki Auto Mecânica - R. Gustavo J. da Costa, 35 - Coloninha, Gaspar - SC, 89110-164",23,5.000000,Car repair and maintenance service
POWERCAR AUTO MECÂNICA,(47) 3332-3800,,"POWERCAR AUTO MECÂNICA - R. Pedro Nicolau, R. Plucenia Maria Isensee, 135 - Gaspar Grande, Gaspar - SC, 89111-279",21,5.000000,Auto repair shop
Auto mecânica Giu,(47) 99670-7367,,"Auto mecânica Giu - R. Frei Solano, 1550 - Gasparinho, Gaspar - SC, 89112-070",13,4.700000,Car repair and maintenance service
Barbearia D’ Blumenau,(47) 99244-7838,https://barbeariadblumenau.com/,"Barbearia D’ Blumenau - Rua Frei Estanislau Schaette, 55 - Velha, Blumenau - SC, 89041-002",66,4.900000,Barber shop
Ramon Dorow Arquitetura de Imagem Masculina,(47) 98401-4732,,"Edificio Alameda Office - R. Cel. Vidal Ramos, 1 - sala402 - Jardim Blumenau, Blumenau - SC, 89010-330",114,5.000000,Barber shop
Barber Concept XXV de Julho,(47) 99965-1330,https://app.frizzar.com.br/p/rijttcv,"Barber Concept XXV de Julho - Rua 25 de Julho, 1032 - Itoupava Norte, Blumenau - SC, 89053-000",137,4.900000,Barber shop
Don Karlo Barbearia,(47) 98862-8997,http://www.cashbarber.com.br/donkarlobarbearia,"Don Karlo Barbearia - R. Humberto de Campos, 77 - sala 18 - Velha, Blumenau - SC, 89036-050",232,4.900000,Barber shop
Barbearia da XV,(47) 99641-5631,https://instagram.com/barbeariadaxvbnu?igshid=MzRlODBiNWFlZA==,"Barbearia da XV - R. São Paulo, 652 - Victor Konder, Blumenau - SC, 89012-000",271,4.800000,Barber shop
Haus Barbearia dos Artistas,(47) 2204-2142,https://sites.appbarber.com.br/en/hausbarbeariaoficial,"Haus Barbearia dos Artistas - R. Alm. Barroso, 45 - Vila Nova, Blumenau - SC, 89035-402",118,5.000000,Barber shop
Barbearia Dom Navalha,(47) 3019-7330,http://domnavalha.com.br/,"Barbearia Dom Navalha - R. Hercílio Fides Zimmermann, 55 - Margem Esquerda, Gaspar - SC, 89116-650",270,4.900000,Barber shop
Barbearia Hunker - Unidade Blumenau,(47) 99600-1406,https://www.hunker.com.br/blumenau,"Barbearia Hunker - Unidade Blumenau - Alameda Rio Branco, 229 - Vila Formosa, Blumenau - SC, 89010-015",291,4.900000,Barber shop
D.O.N. Barber,(47) 2204-2909,http://donbarberbeer.com.br/,"Alameda de serviços - R. 7 de Setembro, 1213 - Centro, Blumenau - SC, 89010-911",364,4.900000,Barber shop
Rosa Du Corte - Barbearia Blumenau,(47) 99210-9647,https://rosaducorte.com.br/,"Rosa Du Corte - Barbearia Blumenau - R. São Paulo, 2866 - Itoupava Seca, Blumenau - SC, 89030-000",421,5.000000,Barber shop
Verv Barbershop,(47) 99249-4349,https://www.vervbarbershop.com.br/,"Verv Barbershop - R. Max Hering, 475 - Sala 03 - Victor Konder, Blumenau - SC, 89012-510",116,5.000000,Barber shop
Barbearia Âncora,(47) 99289-5472,https://www.barbeariaancora.com.br/?utm_source=google&utm_medium=wix_google_business_profile&utm_campaign=10229909901018564581,"Barbearia Âncora - R. São Paulo, 240 - Victor Konder, Blumenau - SC, 89012-000",378,4.900000,Barber shop
Lombardis,(47) 3042-1717,,"Lombardis - R. Caetano Deeke, 34 - 2° andar, sala 22 - Centro, Blumenau - SC, 89010-040",108,4.800000,Barber shop
Barba Club Blumenau,(47) 3288-9297,http://sites.appbarber.com.br/bclube,"Barba Club Blumenau - R. Alm. Tamandaré, 888 - Vila Nova, Blumenau - SC, 89035-000",266,4.800000,Barber shop
Sr. N Barbearia,(47) 99652-3503,,"Sr. N Barbearia - R. Francisco Vahldieck, 910 - Fortaleza, Blumenau - SC, 89056-000",365,4.700000,Barber shop
Wagner Luiz Barbearia Blumenau,(47) 99126-2649,https://www.instagram.com/barbearia.wagner/,"Wagner Luiz Barbearia Blumenau - R. Guilherme Poerner, 1281 - Passo Manso, Blumenau - SC, 89032-300",233,5.000000,Barber shop
Auto Mecânica JC Multimarcas,(47) 3323-3421,https://www.automecanicajc.com.br/,"Auto Mecânica JC Multimarcas - R. São Bernardo, 161 - Itoupava Norte, Blumenau - SC, 89052-100",166,4.800000,Auto repair shop
Prime Car Service Blumenau,(47) 98838-4260,https://primemecanica.com/,"Prime Car Service Blumenau - R. Henrique Mette, 21 - Itoupavazinha, Blumenau - SC, 89070-520",41,5.000000,Auto repair shop
Chefinho Oficina Mecânica - Blumenau,(47) 3322-2600,http://www.chefinho.com.br/,"Chefinho Oficina Mecânica - Blumenau - R. Hermann Huscher, 1257 - Vila Formosa, Blumenau - SC, 89023-000",261,4.900000,Auto repair shop
oficina mecanica,(47) 3324-0329,,"oficina mecanica - R. 25 de Janeiro, 540 - Itoupava Norte, Blumenau - SC, 89052-070",13,4.900000,Auto repair shop
Automotive Center Porto Seguro,(47) 99262-5313,http://www.blucaps.com.br/,"Automotive Center Porto Seguro - R. das Missões, 259 - Ponta Aguda, Blumenau - SC, 89051-000",648,4.800000,Auto repair shop
Auto Mecânica Lider,(47) 99254-8498,https://automecanicalider.com.br/,"Auto Mecânica Lider - R. Gustavo Lũders, 96 - Itoupava Norte, Blumenau - SC, 89052-010",55,4.700000,Car repair and maintenance service
Campos D'Itália Peças e Serviços - Oficina mecânica multimarcas,(47) 3323-6301,https://www.instagram.com/camposditalia/,"Campos D'Itália Peças e Serviços - Oficina mecânica multimarcas - R. Fritz Spernau, 1190 - Fortaleza, Blumenau - SC, 89055-200",142,4.900000,Auto repair shop
Duarte Service Car - Mecânica Automotiva,(47) 3237-1000,https://duarteservicecar.taplink.ws/?fbclid=PAZXh0bgNhZW0CMTEAAafHnLMPe_VCZIXPURS3YuRpHLtbowcCfcb1oHCKYYygiv25rFy6wyDiTMeALQ_aem_w-ipsOMEgiEO8v0J2h4dRw,"Duarte Service Car - Mecânica Automotiva - Av. Brasil, 742 - Ponta Aguda, Blumenau - SC, 89050-000",216,4.900000,Auto repair shop
RFORT MECÂNICA AUTOMOTIVA,(47) 98893-1550,https://rfortmecauto.com.br/,"RFORT MECÂNICA AUTOMOTIVA - R. São Paulo, 732 - Victor Konder, Blumenau - SC, 89012-001",216,4.900000,Car repair and maintenance service
Auto Mecânica Oscaneli,(47) 3324-2872,,"Auto Mecânica Oscaneli - R. Eng. Odebrecht, 448 - Garcia, Blumenau - SC, 89021-200",98,4.800000,Car repair and maintenance service
Auto Mecânica Ferreira e Korte,(47) 3288-4939,,"Auto Mecânica Ferreira e Korte - R. das Missões, 827 - Ponta Aguda, Blumenau - SC, 89051-001",62,4.900000,Car repair and maintenance service
TSK Multimarcas Oficina Mecânica,(47) 3326-0646,,"TSK Multimarcas Oficina Mecânica - R. 7 de Setembro, 2405 - Centro, Blumenau - SC, 89012-440",47,4.700000,Car repair and maintenance service
AutoCar Mecânica Multimarcas,(47) 3285-5001,http://www.instagram.com/autocar.blumenau/,"AutoCar Mecânica Multimarcas - R. Itajaí, 1311 - sala 2 - Vorstadt, Blumenau - SC, 89015-200",96,4.700000,Mechanic
Mechanical Workshop Auto Center,(47) 3329-4866,,"Mechanical Workshop Auto Center - R. Elesbão Pinto, 467 - Velha, Blumenau - SC, 89036-260",44,4.300000,Car repair and maintenance service
Auto Mecânica Booss,(47) 3304-6851,,"Auto Mecânica Booss - R. José Deeke, 999 - Escola Agrícola, Blumenau - SC, 89031-401",70,4.800000,Auto repair shop
Auto Mechanics Valerio,(47) 3339-3012,,"Auto Mechanics Valerio - R. Fritz Koegler, 745 - Fortaleza, Blumenau - SC, 89056-100",71,4.700000,Mechanic
Auto Mecânica Mensor - Blumenau,(47) 3323-9324,http://www.mecanicamensor.com.br/,"Auto Mecânica Mensor - Blumenau - Rua Henrique Reif, 723 - Nova Esperança, Blumenau - SC, 89051-300",243,4.800000,Auto repair shop
Auto Mecânica JR,(47) 3326-4264,,"Auto Mecânica JR - R. Rodeio, 153 - Velha, Blumenau - SC, 89012-470",37,4.900000,Auto repair shop
Auto Mecânica Santo Anjo 24hrs.,(47) 99609-5377,,"Auto Mecânica Santo Anjo 24hrs. - R. São Paulo, 3232 - Itoupava Seca, Blumenau - SC, 89030-000",47,4.400000,Auto repair shop
Josmar Mecânica Automotiva,(47) 3338-9693,,"Josmar Mecânica Automotiva - R. São Bernardo, 274 - Itoupava Norte, Blumenau - SC, 89052-100",67,5.000000,Mechanic
Oficina Mecânica Barbosa,(47) 99677-2002,https://minha.ofic.in/a/mb-car-service,"Oficina Mecânica Barbosa - R. Casemiro de Abreu, 52 - Vila Nova, Blumenau - SC, 89035-600",110,4.800000,Auto repair shop
Clinical Cia. Smile Dentistry and Aesthetic,(47) 99229-1210,https://www.clinicaciadosorriso.com.br/,"Clinical Cia. Smile Dentistry and Aesthetic - R. Floriano Peixoto, 18 - 1° Andar - Centro, Blumenau - SC, 89010-022",55,4.800000,Dental clinic
Dr. Paulo Gutierrez | Cirurgião Bucomaxilofacial,(47) 98814-1545,https://www.paulogutierrez.com.br/,"Dr. Paulo Gutierrez | Cirurgião Bucomaxilofacial - R. Paul Hering, 35 - Sala 02 - Centro, Blumenau - SC, 89010-203",61,4.900000,Oral surgeon
Consultório odontológico Blumenau,(47) 3340-0990,,"Consultório odontológico Blumenau - R. São Paulo, 1302 - Victor Konder, Blumenau - SC, 89012-000",50,4.500000,Dental clinic
Centro Odontológico Sorria,(47) 99691-5554,https://centroodontologicosorria.com.br/,"Edifício Classic - R. Dr. Amadeu da Luz, 122 - sala 64 - Centro, Blumenau - SC, 89010-160",1634,5.000000,Dental clinic
OdontoBlumenau,(47) 99164-1110,https://campanhas.opsolucoesdigitais.com.br/odonto-blumenau-implantes-dentarios,"OdontoBlumenau - R. XV de Novembro, 866 - Centro, Blumenau - SC, 89010-000",231,4.500000,Dental clinic
Odontologia Premier - Dentista em Blumenau,(47) 99790-5698,https://odontologiapremier.com.br/,"Odontologia Premier - Dentista em Blumenau - R. João Pessoa, 76 - Centro, Blumenau - SC, 89012-473",1018,4.900000,Dentist
OralWelt - Implantes & Harmonização Facial,(47) 98469-4063,http://www.oralwelt.com.br/,"OralWelt - Implantes & Harmonização Facial - R. XV de Novembro, 456 - Centro, Blumenau - SC, 89010-000",560,4.800000,Dentist
Clínica Odontológica Allos Dental Clinic Blumenau,(47) 99753-8278,https://allosdentalclinic.com/,"Residencial Coral Springs - Alameda Rio Branco, 941 - Sala 01 - Jardim Blumenau, Blumenau - SC, 89010-300",163,5.000000,Dentist
Sorria Sim Clínicas Odontológicas - Blumenau,(47) 99695-6916,https://sorriasimclinicas.com.br/unidade-blumenau/,"Sorria Sim Clínicas Odontológicas - Blumenau - R. XV de Novembro, 518 - Centro, Blumenau - SC, 89010-000",96,4.500000,Dental clinic
Clínica Odontológica Monte Blanco,(47) 99602-5259,http://www.clinicamonteblanco.com.br/,"Clínica Odontológica Monte Blanco - R. XV de Novembro, 717 - F1 - Centro, Blumenau - SC, 89010-001",116,4.900000,Dentist
Oral Implants Unic Blumenau,(47) 3039-8888,https://www.oralunic.com.br/blumenau-sc,"Oral Implants Unic Blumenau - R. 7 de Setembro, 2284 - Centro, Blumenau - SC, 89010-203",233,4.500000,Dental clinic
Dra Carol Souza - Clínica Odontológica,(47) 99195-4099,https://www.instagram.com/dra.carolsouza?igsh=MWRxbjhyY2ptYmExbQ==,"Dra Carol Souza - Clínica Odontológica - R. 7 de Setembro, 777 - Centro, Blumenau - SC, 89010-201",70,5.000000,Dentist
MCM Odontologia | Implantes dentários | Prótese protocolo | Dentista em Blumenau,(47) 3304-3172,https://mcmodontologia.com.br/,"MCM Odontologia | Implantes dentários | Prótese protocolo | Dentista em Blumenau - R. Itaiopolis, 92 - Boa Vista, Blumenau - SC, 89030-016",87,4.900000,Dental clinic
MORDENT - Clínica Odontológica,(47) 3338-1916,http://www.mordent.com.br/,"MORDENT - Clínica Odontológica - R. Dois de Setembro, 4612 - Sala Térrea - Itoupava Norte, Blumenau - SC, 89053-200",278,5.000000,Oral surgeon
Implant Dentistry Center Maison,(47) 3326-6006,http://www.maisonodontologia.com.br/,"Implant Dentistry Center Maison - R. Frederico Guilherme Busch, 44 - Jardim Blumenau, Blumenau - SC, 89010-360",278,4.900000,Dental clinic
COC Implantes - Centro Odontológico Catarinense,(47) 98808-7027,https://cocimplantes.com.br/,"COC Implantes - Centro Odontológico Catarinense - R. Antônio da Veiga, 560 - Victor Konder, Blumenau - SC, 89012-500",82,4.900000,Dentist
Valle Odontologia Integrada,(47) 99224-2325,https://www.valleodontologiaintegrada.com.br/,"Ed. Hass - R. XV de Novembro, 675 - 1º Andar - Centro, Blumenau - SC, 89010-001",72,5.000000,Dentist
Dr Leonardo Machado/ Dentista em Blumenau,(47) 99151-4036,https://www.instagram.com/drleomachadobnu,"ALFRED NOBEL - R. Floriano Peixoto, 275 - SALA 63. ED - Jardim Blumenau, Blumenau - SC, 89010-022",163,5.000000,Dentist
Clínica Odontobite,(47) 3041-3416,https://www.clinicaodontobite.com.br/,"Clínica Odontobite - R. Gen. Osório, 1754 - Velha, Blumenau - SC, 89041-002",59,4.700000,Dental clinic
Catarinense Implantes Blumenau,(47) 99633-1482,https://catarinenseimplantes.com.br/unidade/blumenau,"Catarinense Implantes Blumenau - R. 7 de Setembro, 1335 - Centro, Blumenau - SC, 89010-203",211,5.000000,Dental clinic
Lube Odontologia - Implantes Blumenau,(47) 3326-4998,https://lubeodontologia.my.canva.site/site-lube?fbclid=PAZXh0bgNhZW0CMTEAAac_aRYJ8fkL3Rm2mDryGDoWhgNFLhvMjqhCnb9Mzfd-ChW1W6BJSyFS3uRTKg_aem_ka_JEObKVxyCZsl_TGIwdQ,"Lube Odontologia - Implantes Blumenau - R. Mal. Deodoro, 830 - loja 02 Térreo - Vila Nova, Blumenau - SC, 89035-090",440,5.000000,Dental clinic
Estética Mãos de Fada - Dra. Priscila Farias,(47) 98867-6478,,"Estética Mãos de Fada - Dra. Priscila Farias - R. XV de Novembro, 678 - sala 405- 4 andar - Centro, Blumenau - SC, 89010-000",128,5.000000,Health and beauty shop
Instituto Damiani | Tricologia | Especialista em calvície em Blumenau,(47) 99105-6772,http://institutodamiani.com.br/,"Instituto Damiani | Tricologia | Especialista em calvície em Blumenau - R. Benjamin Constant, 2670 - Sala 11 - Vila Nova, Blumenau - SC, 89035-100",41,5.000000,Hair transplantation clinic
For You Clínica de Estética Avançada,(47) 99778-6538,https://foryouestetica.com.br/,"Tarumã Office - R. 7 de Setembro, 1600 - Sala 807 - Centro, Blumenau - SC, 89010-204",149,4.900000,Health and beauty shop
Clínica de Estética Biosens - Dra Sheila Camargo,(47) 3304-3767,https://www.biosens.com.br/,"Edifício Stein Office - R. 7 de Setembro, 777 - Sala 910 - Centro, Blumenau - SC, 89010-201",35,4.900000,Health and beauty shop
Royal Face Clínica de Estética - Blumenau,(47) 99683-0545,https://royalface.com.br/,"Royal Face Clínica de Estética - Blumenau - R. XV de Novembro, 1122 - Centro, Blumenau - SC, 89010-000",32,5.000000,Health and beauty shop
Clínica Pele & Forma Estética Avançada,(47) 98890-0179,http://www.peleforma.com.br/,"Clínica Pele & Forma Estética Avançada - R. Benjamin Constant, 2459 - sala 05 - Vila Nova, Blumenau - SC, 89035-180",279,4.900000,Health and beauty shop
Renew Estetica Avançada Blumenau,(47) 99196-8525,https://www.instagram.com/renewesteticabnu/,"Renew Estetica Avançada Blumenau - R. Mal. Deodoro, 544 - sala 02 - Velha, Blumenau - SC, 89036-301",89,5.000000,Specialized clinic
Clínica de Estética - Dra. Sofia Lorenzette,(47) 99203-5060,https://api.whatsapp.com/send/?phone=5547992035060&text&type=phone_number&app_absent=0,"Clínica de Estética - Dra. Sofia Lorenzette - R. Cel. Vidal Ramos, 1 - Sala 307 - Jardim Blumenau, Blumenau - SC, 89010-330",23,5.000000,Specialized clinic
Estética Avançada Lussandra Vasselai,(47) 99131-2220,https://lussandravasselai.com/,"Centro Integrado Casa de Blumenau - R. Pref. Frederico Busch Júnior, 132 - Sala 706 - Garcia, Blumenau - SC, 89020-400",37,5.000000,Beautician
"Emporium da Beleza - Blumenau, Clínica de Rejuvenescimento, Ultrassom Microfocado, Emagrecimento, Depilação a Laser",(47) 99126-9291,http://emporiumdabeleza.com.br/,"Emporium da Beleza - Blumenau, Clínica de Rejuvenescimento, Ultrassom Microfocado, Emagrecimento, Depilação a Laser - R. Heinrich Hosang, 605 - Loja 5 - Victor Konder, Blumenau - SC, 89012-190",69,4.200000,Health and beauty shop
Solú | Clínica de Estética Avançada,(47) 99744-2442,,"Edifício Tarumã Office - R. 7 de Setembro, 1600 - sala 808 - Centro, Blumenau - SC, 89010-204",5,5.000000,Specialized clinic
Clínica de Estética New Life,(47) 99980-1658,,"Clínica de Estética New Life - Rua Hermann Tribess, 2377 - Tribess, Blumenau - SC, 89057-301",10,5.000000,Health and beauty shop
Estética Selma Scharf,(47) 98856-5136,https://www.esteticaselmascharf.com.br/,"Estética Selma Scharf - R. Berta Odebrecht, 255 - Garcia, Blumenau - SC, 89020-430",59,5.000000,Health and beauty shop
Estética Naélen Almeida,(47) 99688-1012,https://esteticanaelenalmeida.com.br/,"Estética Naélen Almeida - R. Santarém, n° 156 - Escola Agrícola, Blumenau - SC, 89031-340",221,5.000000,Health and beauty shop
Shirlei Estética Facial e Corporal,(47) 99957-4602,https://wa.me/5547999574602?text=Ol%C3%A1%21+Vim+pelo+perfil+do+Google+e+gostaria+de+saber+mais+sobre+os+tratamentos.,"Shirlei Estética Facial e Corporal - R. Evilásio Oechsler, 244 - Itoupava Norte, Blumenau - SC, 89053-184",62,4.900000,Health and beauty shop
Abelardo Imóveis,(47) 3335-9696,http://www.abelardoimoveis.com.br/,"Abelardo Imóveis - R. Frederico Lübke, 158 - Velha, Blumenau - SC, 89036-418",228,4.700000,Real estate agency
LOBE Imóveis,(47) 3080-0404,http://www.lobeimoveis.com.br/,"LOBE Imóveis - Rua Theodoro Holtrup, 618 - Vila Nova, Blumenau - SC, 89035-300",40,4.700000,Real estate agency
ACRC Real Estate - Our home is your home!,(47) 3322-2868,http://acrcimoveis.com.br/,"Ed. Stein Office - R. 7 de Setembro, 777 - Sala 818 - Centro, Blumenau - SC, 89010-201",685,4.500000,Real estate agency
La Vita Homes Ltd.,(47) 3285-6806,http://www.lavitaimoveis.com.br/,"La Vita Homes Ltd. - R. São Bento, 166 - Vorstadt, Blumenau - SC, 89015-300",634,4.800000,Real estate agency
Conexão Imobiliária - Blumenau - SC,(47) 3331-0700,http://www.imobiliariaconexao.com.br/,"Ambev Tech - Rua Theodoro Holtrup, 982 - 9º andar - Vila Nova, Blumenau - SC, 89035-300",434,4.000000,Real estate agency
Imobiliária Apolo - Blumenau,(47) 3326-8388,https://www.imobiliariaapolo.com.br/,"Imobiliária Apolo - Blumenau - R. XV de Novembro, 550 - Sala 205 - Centro, Blumenau - SC, 89010-000",74,4.900000,Real estate agency
Blumenau Imóveis,(47) 3326-6565,https://blumenauimoveis.com.br/,"Blumenau Imóveis - R. Alfonso Souza e Silva, 131 - Água Verde, Blumenau - SC, 89037-035",153,4.600000,Real estate agency
Imobiliária Tropical,(47) 3222-2222,http://tropical.imb.br/,"Imobiliária Tropical - Alameda Duque de Caxias, 20 - 3º Andar - Centro, Blumenau - SC, 89015-010",383,4.400000,Real estate agency
SHS Imóveis - A Imobiliária Nº1 em Blumenau - Unidade de Locação,(47) 3144-7750,https://www.shsimoveis.com/,"Em frente a praça do teatro Carlos Gomes - R. Pres. John Kennedy, 33 - Centro, Blumenau - SC, 89010-203",296,4.600000,Real estate agency
D3 Imóveis - Imobiliária em Blumenau- SC,(47) 99180-1533,https://www.d3imoveis.com.br/,"D3 Imóveis - Imobiliária em Blumenau- SC - R. Amazonas, 2325 - Sala 01 - Garcia, Blumenau - SC, 89022-000",85,5.000000,Real estate agency
RD IMÓVEIS,(47) 3237-1754,https://www.rdimoveissc.com.br/,"RD IMÓVEIS - R. Daniel Pfaffendorf, 373 - Itoupava Seca, Blumenau - SC, 89030-120",259,4.400000,Real estate agency
Schork Imóveis,(47) 3337-1100,http://www.schorkimoveis.com.br/,"Schork Imóveis - Rua Dr. Pedro Zimmermann, 7480 - Itoupava Central, Blumenau - SC, 89069-000",995,4.100000,Real estate agency
ZELT Imóveis,(47) 3288-4443,http://zelt.com.br/,"ZELT Imóveis - R. Mal. Deodoro, 480 - Sala 2 - Velha, Blumenau - SC, 89036-300",1133,4.700000,Real estate agency
ALLES IMÓVEIS,(47) 3209-7177,http://www.allesimoveis.com.br/,"ALLES IMÓVEIS - R. Içara, 80 - Itoupava Seca, Blumenau - SC, 89030-170",172,4.500000,Real estate agency
Imóveis Vérti - Imobiliária em Blumenau - SC,(47) 3304-9274,http://www.imoveisverti.com.br/,"Imóveis Vérti - Imobiliária em Blumenau - SC - Rua: General Osório, 880 - Loja 05 (Térreo - Velha, Blumenau - SC, 89041-001",41,5.000000,Real estate agency
Concept Real Estate Ltd.,(47) 98455-4434,https://www.conceitoimobiliaria.com.br/,"Concept Real Estate Ltd. - R. Pereira de Oliveira, 49 - Velha, Blumenau - SC, 89036-350",309,4.600000,Real estate agency
La Home Imobiliária,(47) 3378-3991,https://lahomeimobiliaria.com.br/,"La Home Imobiliária - R. Joinville, 880 - Sala 02 - Vila Nova, Blumenau - SC, 89035-200",78,4.900000,Real estate agency
Portal Imóveis - Agência Centro,(47) 3144-5566,https://imoveisportal.com/,"Portal Imóveis - Agência Centro - R. Paulo Zimmermann, 162 - Centro, Blumenau - SC, 89010-170",211,3.700000,Real estate agency
Orbi Imóveis,(47) 3321-4200,https://www.orbi-imoveis.com.br/,"Orbi Imóveis - Av. Brasil, 460 - Ponta Aguda, Blumenau - SC, 89050-000",271,4.500000,Real estate agency
Barbieri Imobiliária,(47) 3340-4203,http://barbieriimobiliaria.com.br/,"Barbieri Imobiliária - R. Humberto de Campos, 400 - Sala 201 - Centro, Blumenau - SC, 89036-050",287,4.700000,Apartment rental agency
Jacinto Imóveis,(47) 3339-1828,http://www.jacintoimoveis.com.br/,"Jacinto Imóveis - R. Francisco Vahldieck, 1453 - Fortaleza, Blumenau - SC, 89057-000",167,4.100000,Real estate agency
Selfit Academias Blumenau,,https://www.selfitacademias.com.br/,"Selfit Academias Blumenau - R. São Paulo, 470 - Victor Konder, Blumenau - SC, 89012-000",44,4.700000,Gym
Force One Academia - Blumenau,(44) 99114-1921,https://forceoneacademia.com.br/unidades/blumenau-sc/,"Force One Academia - Blumenau - R. Humberto de Campos, 77 - Centro, Blumenau - SC, 89012-499",673,4.200000,Gym
Fórmula Academia - Shopping Neumarkt,(47) 3237-0000,http://formulaacademia.com.br/academia?urlAcademia=Shopping-Neumarkt,"Fórmula Academia - Shopping Neumarkt - R. 7 de Setembro, 1213 - Centro, Blumenau - SC, 89010-207",176,4.500000,Gym
Academia Engenharia do Corpo,(47) 98483-2889,https://engenhariadocorpo.com.br/unidade/blumenau/,"Academia Engenharia do Corpo - R. 7 de Setembro, 777 - Centro, Blumenau - SC, 89010-201",494,4.200000,Gym
Master Fitness Club,(47) 3322-4668,,"Master Fitness Club - Alameda Rio Branco, 333 - Vila Formosa, Blumenau - SC, 89010-300",227,4.800000,Gym
ACADEMIA BLUFIT LTDA - ME,(47) 3288-7705,https://m.facebook.com/Blufitacademia,"ACADEMIA BLUFIT LTDA - ME - R. Antônio da Veiga, 650 - Victor Konder, Blumenau - SC, 89012-500",120,4.000000,Gym
Boo Academia,(47) 98482-6015,https://api.whatsapp.com/send?phone=5547984826015,"Boo Academia - R. São Paulo, 2547 - Itoupava Seca, Blumenau - SC, 89030-000",231,4.700000,Gym
Academia Fonte Fitness,(47) 3035-3809,,"Academia Fonte Fitness - R. Pref. Frederico Busch Júnior, 219 - Garcia, Blumenau - SC, 89020-400",65,4.700000,Gym
Speed ​​Time Academy,(47) 3323-3298,https://www.facebook.com/speedtimeacademia/,"Speed ​​Time Academy - R. Dois de Setembro, 2021 - Itoupava Norte, Blumenau - SC, 89052-002",112,4.600000,Gym
Academia AD3 Blumenau - Centro,(48) 98860-7025,https://www.academiaad3.com.br/,"Academia AD3 Blumenau - Centro - R. 7 de Setembro, 1450 - Centro, Blumenau - SC, 89010-202",220,4.500000,Gym
Academia Smart Fit - Blumenau,,https://www.smartfit.com.br/academias/blumenau/?utm_source=google&utm_medium=maps&utm_campaign=fbiz-SBRSCIBLU01,"Academia Smart Fit - Blumenau - Rodovia Paul Fritz Kuehnrich, 1600 - Itoupava Norte, Blumenau - SC, 89052-381",1267,4.400000,Gym
AD3 Gym Blumenau,(48) 99972-3541,https://academiaad3.com.br/,"AD3 Gym Blumenau - R. São Paulo, 1755 - Itoupava Seca, Blumenau - SC, 89030-020",264,4.300000,Gym
AC3 Academia,(47) 3288-8151,,"AC3 Academia - R. Osvaldo Cruz, 140 - Velha, Blumenau - SC, 89036-490",91,4.700000,Gym
Academia AD3 Blumenau - Água Verde,(47) 99734-9732,https://academiaad3.com.br/,"Academia AD3 Blumenau - Água Verde - Rua Frei Estanislau Schaette, 1042 - Água Verde, Blumenau - SC, 89037-002",214,4.500000,Gym
Box Funcional - Functional Training Center,(47) 3232-0475,https://www.boxfuncional.com/,"Box Funcional - Functional Training Center - R. Pereira de Oliveira, 41 - Velha, Blumenau - SC, 89036-350",100,4.900000,Gym
💪 Academia UFit Gaspar - Centro,(47) 99641-0455,,"💪 Academia UFit Gaspar - Centro - R. São Pedro, 89 - Centro, Gaspar - SC, 89110-082",188,4.300000,Gym
Orsi Academia,(47) 3513-4449,https://m.facebook.com/orsiacademia/?locale2=pt_BR,"Orsi Academia - Av. Das Comunidades, 869 - Santa Terezinha, Gaspar - SC, 89114-033",219,4.800000,Gym
Boost Treinamento Personalizado,(47) 99934-4319,,"Boost Treinamento Personalizado - R. Cecilia Joana Schneider Krauss, 81 - Sala 04 - Sete de Setembro, Gaspar - SC, 89114-880",35,4.900000,Gym
Like Fitness Academia,(47) 3332-9799,https://likefitness.com.br/,"Like Fitness Academia - R. Cel. Aristiliano Ramos, 190 - Centro, Gaspar - SC, 89114-442",47,4.500000,Gym
Like Acqua Academy,(47) 3332-9799,http://www.likefitness.com.br/,"Like Acqua Academy - R. Industrial L. Schmalz, 225 - Sete de Setembro, Gaspar - SC, 89114-742",166,4.700000,Fitness center
Academia Expressão Corporal,(47) 98826-5266,https://www.facebook.com/AcademiaExpressaoCorporal/,"Academia Expressão Corporal - R. Manoel Bitencourt, 387 - Sete de Setembro, Gaspar - SC, 89114-758",87,4.800000,Gym
CT Jefferson Silva,(47) 99604-5983,,"CT Jefferson Silva - R. Itajaí, 470 - Sete de Setembro, Gaspar - SC, 89115-001",39,4.900000,Gym
Academia Thai Gaspar,(47) 99124-2382,https://instagram.com/thaigasparmusculacao,"Academia Thai Gaspar - R. Arnoldo Schramm, 150 - Centro, Gaspar - SC, 89110-097",130,4.900000,Gym
Blulive Academia,(47) 99668-9455,,"Blulive Academia - R. Anfilóquio Nunes Píres, 833 - Figueira, Gaspar - SC, 89110-350",111,4.900000,Fitness center
Pamps Academia,(47) 3332-5868,https://www.instagram.com/pampsacademia/,"Pamps Academia - R. Pref. Leopoldo Schramm, 64 - Coloninha, Gaspar - SC, 89110-119",53,5.000000,Gym
Academia Like,(47) 3332-9799,,"Academia Like - R. Dr. Nereu Ramos, 591 - Coloninha, Gaspar - SC, 89110-000",59,4.500000,Gym
Centro de Treinamento Moving Body,(47) 99929-6736,https://www.instagran.com/instituto.movingbody,"Centro de Treinamento Moving Body - R. Doralício García, 701 - Centro, Gaspar - SC, 89110-000",45,5.000000,Gym
PUNCH BOXING CLUB - CLUBE DE BOXE,,,"PUNCH BOXING CLUB - CLUBE DE BOXE - R. Douglas Alexandre - Centro, Gaspar - SC, 89110-091",40,4.900000,Boxing gym
Ct Cleiton Costa,(47) 99711-1227,,"Ct Cleiton Costa - R. Alberto Francisco Junkes, 72 - Santa Terezinha, Gaspar - SC, 89114-238",130,4.800000,Gym
Nossa Forma Gaspar,(47) 98802-7423,https://www.nossaformaoficial.com.br/,"Nossa Forma Gaspar - R. São José, 300 - Sete de Setembro, Gaspar - SC, 89110-010",33,4.900000,Vitamin & supplements store
Jaguar Cross,(47) 99180-9843,,"Jaguar Cross - R. Frei Solano, 284 - Gasparinho, Gaspar - SC, 89112-030",46,4.800000,Gym
Daiana Oneda Treinamento Personalizado,(47) 3332-2784,,"Daiana Oneda Treinamento Personalizado - R. Jaime Matias Rainert, 10 - Margem Esquerda, Gaspar - SC, 89116-760",2,5.000000,Personal trainer
Duda Soares Personal Trainer,(47) 99624-1847,https://linktr.ee/dudasoares_personal,"Duda Soares Personal Trainer - R. José Zuchi, 289 - Santa Terezinha, Gaspar - SC, 89114-258",6,5.000000,Personal trainer
Personal Trainer Rafa,(48) 99920-8270,https://www.instagram.com/rafatrainer.ra/,"Personal Trainer Rafa - R. Barão do Rio Branco - Santa Terezinha, Gaspar - SC, 89114-214",20,5.000000,Personal trainer
Alex Ferrari Personal,(47) 99126-7058,https://alex-ferrari-personal.ueniweb.com/?utm_campaign=gmb,"Alex Ferrari Personal - R. 25 de Dezembro, 244 - Sete de Setembro, Gaspar - SC, 89114-856",3,5.000000,Personal trainer
Fabi Ribeiro - Personal Trainer e Nutri,(47) 99715-2125,http://www.instagram.com/fabiribeiropersonal,"Fabi Ribeiro - Personal Trainer e Nutri - R. Dona Madalena - Santa Terezinha, Gaspar - SC, 89114-281",15,5.000000,Weight loss service
DO Treinamento Personalizado,(47) 98923-4395,https://www.facebook.com/daianaoneda.treinamento.personalizado,"DO Treinamento Personalizado - R. Dr. Nereu Ramos, 201 - Coloninha, Gaspar - SC, 89110-000",1,5.000000,Fitness center
Studio Manoel da Silveira,(47) 98457-4408,http://wa.me/5547984574408,"Studio Manoel da Silveira - R. Itajaí, 657 - Sete de Setembro, Gaspar - SC, 89115-001",19,5.000000,Gym
Personal Tavares,,,"Personal Tavares - R. Angêlo Moser, 80 - Santa Terezinha, Gaspar - SC, 89114-228",4,5.000000,Personal trainer
Personal Trainer Heitor Sales,(48) 99643-1777,https://www.instagram.com/heitorsales_personal,"Personal Trainer Heitor Sales - Av. Das Comunidades, 869 - Santa Terezinha, Gaspar - SC, 89114-288",69,5.000000,Personal trainer
Personal Trainer Gerônimo Albanaes,(47) 99281-3510,,"Personal Trainer Gerônimo Albanaes - Av. Das Comunidades, 869 - Santa Terezinha, Gaspar - SC, 89114-288",5,5.000000,Personal trainer
