query,search_url,ad_library_id,page_name,page_url,start_date,ad_status,platforms,ad_text,cta_text,destination_url,destination_domain,raw_text,raw_hash
barbearia blumenau,https://www.facebook.com/ads/library/?active_status=active&ad_type=all&country=BR&is_targeted_country=false&media_type=all&q=barbearia+blumenau&search_type=keyword_unordered&sort_data%5Bmode%5D=total_impressions&sort_data%5Bdirection%5D=desc,2103947750336163,Bumerangue barbershop,https://www.facebook.com/61588121019214/,29 de mai de 2026,active,instagram,"Seu visual merece cuidado de verdade! ✂️🔥
Na Express Bumerang Barbershop você encontra atendimento rápido, ambiente familiar e técnicas padronizadas 😎
✅ Não precisa agendar
🚗 Estacionamento gratuito, seguro e coberto
🕘 Segunda a sábado das 9h às 22h
🕙 Domingo das 10h às 17h
📍 Joinville — anexo ao Komprão do Aventureiro
📍 Camboriú — anexo ao Komprão do Tabuleiro
📍 Em breve em Blumenau — anexo ao Komprão Itoupava
#barbearia #barbershop #joinville #camboriu #blumenau corte cortedecabelo barbeiro estilo degrade fade expressbumerang komprao",Acessar o perfil do Instagram,http://instagram.com/bumerangbarbershop,instagram.com,"​
Ativo
Identificação da biblioteca: 2103947750336163
Veiculação iniciada em 29 de mai de 2026
Plataformas
​
​
Abrir menu suspenso
​
Ver detalhes do anúncio
Bumerangue barbershop
Patrocinado
Seu visual merece cuidado de verdade! ✂️🔥
Na Express Bumerang Barbershop você encontra atendimento rápido, ambiente familiar e técnicas padronizadas 😎

✅ Não precisa agendar
🚗 Estacionamento gratuito, seguro e coberto
🕘 Segunda a sábado das 9h às 22h
🕙 Domingo das 10h às 17h

📍 Joinville — anexo ao Komprão do Aventureiro
📍 Camboriú — anexo ao Komprão do Tabuleiro
📍 Em breve em Blumenau — anexo ao Komprão Itoupava

#barbearia #barbershop #joinville #camboriu #blumenau corte cortedecabelo barbeiro estilo degrade fade expressbumerang komprao
INSTAGRAM.COM
instagram.com
Acessar o perfil do Instagram",6deb96b811142981eb51db165a7178c5c440e00f
barbearia blumenau,https://www.facebook.com/ads/library/?active_status=active&ad_type=all&country=BR&is_targeted_country=false&media_type=all&q=barbearia+blumenau&search_type=keyword_unordered&sort_data%5Bmode%5D=total_impressions&sort_data%5Bdirection%5D=desc,1680980149582799,Barbearia do gordo,https://www.facebook.com/barbeariagordo/,9 de abr de 2026,active,,"Atendo em Pomerode ajudando homens a recuperarem cabelo e autoestima com prótese capilar masculina.
Nos últimos meses, muita gente de Blumenau começou a me procurar dizendo que não conseguia ir até Pomerode durante a semana.
Por isso, agora também atendo em Blumenau, aos sábados, em parceria com a Rock Barbearia.
📍 Novo endereço:
R. Gov. Jorge Lacerda, 2515 – Velha Central
Atendimento com hora marcada, total discrição e resultado imediato.
👉 Clique no botão do WhatsApp e fale direto comigo para entender como funciona o atendimento.",Enviar mensagem pelo WhatsApp,,,"​
Ativo
Identificação da biblioteca: 1680980149582799
Veiculação iniciada em 9 de abr de 2026
Plataformas
​
​
Abrir menu suspenso
​
Ver detalhes do anúncio
Barbearia do gordo
Patrocinado
Atendo em Pomerode ajudando homens a recuperarem cabelo e autoestima com prótese capilar masculina.

Nos últimos meses, muita gente de Blumenau começou a me procurar dizendo que não conseguia ir até Pomerode durante a semana.

Por isso, agora também atendo em Blumenau, aos sábados, em parceria com a Rock Barbearia.

📍 Novo endereço:
R. Gov. Jorge Lacerda, 2515 – Velha Central

Atendimento com hora marcada, total discrição e resultado imediato.

👉 Clique no botão do WhatsApp e fale direto comigo para entender como funciona o atendimento.
0:00 / 1:43
API.WHATSAPP.COM
Barbearia do gordo
Enviar mensagem pelo WhatsApp",da715027137d8afccc7367a33ea5ead0a2de4fd3
