nome,telefone,score,dor,oferta,mensagem
Harmonizze Odontologia Saúde e Beleza,(47) 93080-5037,120,nao tem agendamento online e pode estar perdendo consultas para concorrentes com agenda digital,sistema de agendamento online + landing page simples,"Oi, Harmonizze Odontologia Saúde e Beleza, tudo certo? Analisei sua presença digital e percebi que nao tem agendamento online e pode estar perdendo consultas para concorrentes com agenda digital. Posso te entregar sistema de agendamento online + landing page simples por R$ 300, com pagamento 100% após a entrega e prazo de 24h. Se fizer sentido, eu te mando o resumo e já começo."
Clinimais Clínica Odontológica,(47) 3332-3011,120,nao foi possivel detectar sinais fortes de automacao no canal principal,landing page simples com WhatsApp e formulario,"Oi, Clinimais Clínica Odontológica, tudo certo? Analisei sua presença digital e percebi que nao foi possivel detectar sinais fortes de automacao no canal principal. Posso te entregar landing page simples com WhatsApp e formulario por R$ 300, com pagamento 100% após a entrega e prazo de 24h. Se fizer sentido, eu te mando o resumo e já começo."
Dra. Nádia Verter | Lentes em Resina em Blumenau,(47) 99755-8847,120,nao tem agendamento online e pode estar perdendo consultas para concorrentes com agenda digital,sistema de agendamento online + landing page simples,"Oi, Dra. Nádia Verter | Lentes em Resina em Blumenau, tudo certo? Analisei sua presença digital e percebi que nao tem agendamento online e pode estar perdendo consultas para concorrentes com agenda digital. Posso te entregar sistema de agendamento online + landing page simples por R$ 300, com pagamento 100% após a entrega e prazo de 24h. Se fizer sentido, eu te mando o resumo e já começo."
Durante Odontologia Especializada,(47) 99292-1157,120,nao tem agendamento online e pode estar perdendo consultas para concorrentes com agenda digital,sistema de agendamento online + landing page simples,"Oi, Durante Odontologia Especializada, tudo certo? Analisei sua presença digital e percebi que nao tem agendamento online e pode estar perdendo consultas para concorrentes com agenda digital. Posso te entregar sistema de agendamento online + landing page simples por R$ 300, com pagamento 100% após a entrega e prazo de 24h. Se fizer sentido, eu te mando o resumo e já começo."
Odontoexcellence Gaspar,(47) 99711-9978,120,nao tem agendamento online e pode estar perdendo consultas para concorrentes com agenda digital,sistema de agendamento online + landing page simples,"Oi, Odontoexcellence Gaspar, tudo certo? Analisei sua presença digital e percebi que nao tem agendamento online e pode estar perdendo consultas para concorrentes com agenda digital. Posso te entregar sistema de agendamento online + landing page simples por R$ 300, com pagamento 100% após a entrega e prazo de 24h. Se fizer sentido, eu te mando o resumo e já começo."
Renovar Odontologia,(47) 98910-4495,120,nao foi possivel detectar sinais fortes de automacao no canal principal,landing page simples com WhatsApp e formulario,"Oi, Renovar Odontologia, tudo certo? Analisei sua presença digital e percebi que nao foi possivel detectar sinais fortes de automacao no canal principal. Posso te entregar landing page simples com WhatsApp e formulario por R$ 300, com pagamento 100% após a entrega e prazo de 24h. Se fizer sentido, eu te mando o resumo e já começo."
Odontologia Fortaleza,(47) 3339-1033,120,nao tem agendamento online e pode estar perdendo consultas para concorrentes com agenda digital,sistema de agendamento online + landing page simples,"Oi, Odontologia Fortaleza, tudo certo? Analisei sua presença digital e percebi que nao tem agendamento online e pode estar perdendo consultas para concorrentes com agenda digital. Posso te entregar sistema de agendamento online + landing page simples por R$ 300, com pagamento 100% após a entrega e prazo de 24h. Se fizer sentido, eu te mando o resumo e já começo."
Clínica Veterinária Vida Animal,(47) 3327-2582,115,nao existe agenda online para consultas e retornos,sistema de agendamento online + lembretes,"Oi, Clínica Veterinária Vida Animal, tudo certo? Analisei sua presença digital e percebi que nao existe agenda online para consultas e retornos. Posso te entregar sistema de agendamento online + lembretes por R$ 300, com pagamento 100% após a entrega e prazo de 24h. Se fizer sentido, eu te mando o resumo e já começo."
Animal Health Veterinary Clinic,(47) 99975-8515,115,nao existe agenda online para consultas e retornos,sistema de agendamento online + lembretes,"Oi, Animal Health Veterinary Clinic, tudo certo? Analisei sua presença digital e percebi que nao existe agenda online para consultas e retornos. Posso te entregar sistema de agendamento online + lembretes por R$ 300, com pagamento 100% após a entrega e prazo de 24h. Se fizer sentido, eu te mando o resumo e já começo."
Clínica Veterinária Dr.Pedro Paulo,(47) 99977-8545,115,nao existe agenda online para consultas e retornos,sistema de agendamento online + lembretes,"Oi, Clínica Veterinária Dr.Pedro Paulo, tudo certo? Analisei sua presença digital e percebi que nao existe agenda online para consultas e retornos. Posso te entregar sistema de agendamento online + lembretes por R$ 300, com pagamento 100% após a entrega e prazo de 24h. Se fizer sentido, eu te mando o resumo e já começo."
Vet + Pet Clínica Veterinária,(47) 92001-2291,115,nao existe agenda online para consultas e retornos,sistema de agendamento online + lembretes,"Oi, Vet + Pet Clínica Veterinária, tudo certo? Analisei sua presença digital e percebi que nao existe agenda online para consultas e retornos. Posso te entregar sistema de agendamento online + lembretes por R$ 300, com pagamento 100% após a entrega e prazo de 24h. Se fizer sentido, eu te mando o resumo e já começo."
Clínica Veterinária Castração & Vida,(47) 99210-8404,115,nao existe agenda online para consultas e retornos,sistema de agendamento online + lembretes,"Oi, Clínica Veterinária Castração & Vida, tudo certo? Analisei sua presença digital e percebi que nao existe agenda online para consultas e retornos. Posso te entregar sistema de agendamento online + lembretes por R$ 300, com pagamento 100% após a entrega e prazo de 24h. Se fizer sentido, eu te mando o resumo e já começo."
Loop Academia,(47) 3334-5379,100,o site nao parece transformar visitas em leads ou aulas experimentais,landing page com captura de interessados,"Oi, Loop Academia, tudo certo? Analisei sua presença digital e percebi que o site nao parece transformar visitas em leads ou aulas experimentais. Posso te entregar landing page com captura de interessados por R$ 300, com pagamento 100% após a entrega e prazo de 24h. Se fizer sentido, eu te mando o resumo e já começo."
Full Body Academia Blumenau,(47) 99952-4828,100,o site nao parece transformar visitas em leads ou aulas experimentais,landing page com captura de interessados,"Oi, Full Body Academia Blumenau, tudo certo? Analisei sua presença digital e percebi que o site nao parece transformar visitas em leads ou aulas experimentais. Posso te entregar landing page com captura de interessados por R$ 300, com pagamento 100% após a entrega e prazo de 24h. Se fizer sentido, eu te mando o resumo e já começo."
Sr. N Barbearia,(47) 99652-3503,100,o canal principal de atendimento pode estar ausente ou pouco evidente,bot de WhatsApp para agendamento e atendimento,"Oi, Sr. N Barbearia, tudo certo? Analisei sua presença digital e percebi que o canal principal de atendimento pode estar ausente ou pouco evidente. Posso te entregar bot de WhatsApp para agendamento e atendimento por R$ 300, com pagamento 100% após a entrega e prazo de 24h. Se fizer sentido, eu te mando o resumo e já começo."
Academia Atitude,(47) 3234-0948,100,o site nao parece transformar visitas em leads ou aulas experimentais,landing page com captura de interessados,"Oi, Academia Atitude, tudo certo? Analisei sua presença digital e percebi que o site nao parece transformar visitas em leads ou aulas experimentais. Posso te entregar landing page com captura de interessados por R$ 300, com pagamento 100% após a entrega e prazo de 24h. Se fizer sentido, eu te mando o resumo e já começo."
Master Fitness Club,(47) 3322-4668,100,o site nao parece transformar visitas em leads ou aulas experimentais,landing page com captura de interessados,"Oi, Master Fitness Club, tudo certo? Analisei sua presença digital e percebi que o site nao parece transformar visitas em leads ou aulas experimentais. Posso te entregar landing page com captura de interessados por R$ 300, com pagamento 100% após a entrega e prazo de 24h. Se fizer sentido, eu te mando o resumo e já começo."
Academia Play Fitness,(47) 99163-1209,100,o site nao parece transformar visitas em leads ou aulas experimentais,landing page com captura de interessados,"Oi, Academia Play Fitness, tudo certo? Analisei sua presença digital e percebi que o site nao parece transformar visitas em leads ou aulas experimentais. Posso te entregar landing page com captura de interessados por R$ 300, com pagamento 100% após a entrega e prazo de 24h. Se fizer sentido, eu te mando o resumo e já começo."
El Mustache Barbearia,(47) 99923-4183,100,o canal principal de atendimento pode estar ausente ou pouco evidente,bot de WhatsApp para agendamento e atendimento,"Oi, El Mustache Barbearia, tudo certo? Analisei sua presença digital e percebi que o canal principal de atendimento pode estar ausente ou pouco evidente. Posso te entregar bot de WhatsApp para agendamento e atendimento por R$ 300, com pagamento 100% após a entrega e prazo de 24h. Se fizer sentido, eu te mando o resumo e já começo."
Ct Cleiton Costa,(47) 99711-1227,100,o site nao parece transformar visitas em leads ou aulas experimentais,landing page com captura de interessados,"Oi, Ct Cleiton Costa, tudo certo? Analisei sua presença digital e percebi que o site nao parece transformar visitas em leads ou aulas experimentais. Posso te entregar landing page com captura de interessados por R$ 300, com pagamento 100% após a entrega e prazo de 24h. Se fizer sentido, eu te mando o resumo e já começo."
Muscle Academy AB,,100,o site nao parece transformar visitas em leads ou aulas experimentais,landing page com captura de interessados,"Oi, Muscle Academy AB, tudo certo? Analisei sua presença digital e percebi que o site nao parece transformar visitas em leads ou aulas experimentais. Posso te entregar landing page com captura de interessados por R$ 300, com pagamento 100% após a entrega e prazo de 24h. Se fizer sentido, eu te mando o resumo e já começo."
Bronx BarberShop Gaspar,(47) 3018-2699,100,o canal principal de atendimento pode estar ausente ou pouco evidente,bot de WhatsApp para agendamento e atendimento,"Oi, Bronx BarberShop Gaspar, tudo certo? Analisei sua presença digital e percebi que o canal principal de atendimento pode estar ausente ou pouco evidente. Posso te entregar bot de WhatsApp para agendamento e atendimento por R$ 300, com pagamento 100% após a entrega e prazo de 24h. Se fizer sentido, eu te mando o resumo e já começo."
Blulive Academia,(47) 99668-9455,100,o site nao parece transformar visitas em leads ou aulas experimentais,landing page com captura de interessados,"Oi, Blulive Academia, tudo certo? Analisei sua presença digital e percebi que o site nao parece transformar visitas em leads ou aulas experimentais. Posso te entregar landing page com captura de interessados por R$ 300, com pagamento 100% após a entrega e prazo de 24h. Se fizer sentido, eu te mando o resumo e já começo."
Premier Barber Shop - Fortaleza,(47) 99721-5967,100,o canal principal de atendimento pode estar ausente ou pouco evidente,bot de WhatsApp para agendamento e atendimento,"Oi, Premier Barber Shop - Fortaleza, tudo certo? Analisei sua presença digital e percebi que o canal principal de atendimento pode estar ausente ou pouco evidente. Posso te entregar bot de WhatsApp para agendamento e atendimento por R$ 300, com pagamento 100% após a entrega e prazo de 24h. Se fizer sentido, eu te mando o resumo e já começo."
Barbearia Xodó,(47) 99284-1981,100,o canal principal de atendimento pode estar ausente ou pouco evidente,bot de WhatsApp para agendamento e atendimento,"Oi, Barbearia Xodó, tudo certo? Analisei sua presença digital e percebi que o canal principal de atendimento pode estar ausente ou pouco evidente. Posso te entregar bot de WhatsApp para agendamento e atendimento por R$ 300, com pagamento 100% após a entrega e prazo de 24h. Se fizer sentido, eu te mando o resumo e já começo."
NK Studio FORTALEZA,(47) 99639-4013,100,o site nao parece transformar visitas em leads ou aulas experimentais,landing page com captura de interessados,"Oi, NK Studio FORTALEZA, tudo certo? Analisei sua presença digital e percebi que o site nao parece transformar visitas em leads ou aulas experimentais. Posso te entregar landing page com captura de interessados por R$ 300, com pagamento 100% após a entrega e prazo de 24h. Se fizer sentido, eu te mando o resumo e já começo."
Barbearia Boaventura,(47) 99168-2839,100,o canal principal de atendimento pode estar ausente ou pouco evidente,bot de WhatsApp para agendamento e atendimento,"Oi, Barbearia Boaventura, tudo certo? Analisei sua presença digital e percebi que o canal principal de atendimento pode estar ausente ou pouco evidente. Posso te entregar bot de WhatsApp para agendamento e atendimento por R$ 300, com pagamento 100% após a entrega e prazo de 24h. Se fizer sentido, eu te mando o resumo e já começo."
Sr. N Barbearia container,(47) 99754-7912,100,o canal principal de atendimento pode estar ausente ou pouco evidente,bot de WhatsApp para agendamento e atendimento,"Oi, Sr. N Barbearia container, tudo certo? Analisei sua presença digital e percebi que o canal principal de atendimento pode estar ausente ou pouco evidente. Posso te entregar bot de WhatsApp para agendamento e atendimento por R$ 300, com pagamento 100% após a entrega e prazo de 24h. Se fizer sentido, eu te mando o resumo e já começo."
Academia Like,(47) 3332-9799,100,o site nao parece transformar visitas em leads ou aulas experimentais,landing page com captura de interessados,"Oi, Academia Like, tudo certo? Analisei sua presença digital e percebi que o site nao parece transformar visitas em leads ou aulas experimentais. Posso te entregar landing page com captura de interessados por R$ 300, com pagamento 100% após a entrega e prazo de 24h. Se fizer sentido, eu te mando o resumo e já começo."
Barbearia Barros,(47) 99264-7182,100,o canal principal de atendimento pode estar ausente ou pouco evidente,bot de WhatsApp para agendamento e atendimento,"Oi, Barbearia Barros, tudo certo? Analisei sua presença digital e percebi que o canal principal de atendimento pode estar ausente ou pouco evidente. Posso te entregar bot de WhatsApp para agendamento e atendimento por R$ 300, com pagamento 100% após a entrega e prazo de 24h. Se fizer sentido, eu te mando o resumo e já começo."
Espaço Vip Barbearia,(47) 99249-9074,100,o canal principal de atendimento pode estar ausente ou pouco evidente,bot de WhatsApp para agendamento e atendimento,"Oi, Espaço Vip Barbearia, tudo certo? Analisei sua presença digital e percebi que o canal principal de atendimento pode estar ausente ou pouco evidente. Posso te entregar bot de WhatsApp para agendamento e atendimento por R$ 300, com pagamento 100% após a entrega e prazo de 24h. Se fizer sentido, eu te mando o resumo e já começo."
Consultório odontológico Blumenau,(47) 3340-0990,100,nao tem agendamento online e pode estar perdendo consultas para concorrentes com agenda digital,sistema de agendamento online + landing page simples,"Oi, Consultório odontológico Blumenau, tudo certo? Analisei sua presença digital e percebi que nao tem agendamento online e pode estar perdendo consultas para concorrentes com agenda digital. Posso te entregar sistema de agendamento online + landing page simples por R$ 300, com pagamento 100% após a entrega e prazo de 24h. Se fizer sentido, eu te mando o resumo e já começo."
Dental Clinic - Dr Gustavo Schmitt,(47) 98422-8608,100,nao tem agendamento online e pode estar perdendo consultas para concorrentes com agenda digital,sistema de agendamento online + landing page simples,"Oi, Dental Clinic - Dr Gustavo Schmitt, tudo certo? Analisei sua presença digital e percebi que nao tem agendamento online e pode estar perdendo consultas para concorrentes com agenda digital. Posso te entregar sistema de agendamento online + landing page simples por R$ 300, com pagamento 100% após a entrega e prazo de 24h. Se fizer sentido, eu te mando o resumo e já começo."
Clinica Índigo - Odontolgia e Integralidade,(47) 99107-0913,100,nao foi possivel detectar sinais fortes de automacao no canal principal,landing page simples com WhatsApp e formulario,"Oi, Clinica Índigo - Odontolgia e Integralidade, tudo certo? Analisei sua presença digital e percebi que nao foi possivel detectar sinais fortes de automacao no canal principal. Posso te entregar landing page simples com WhatsApp e formulario por R$ 300, com pagamento 100% após a entrega e prazo de 24h. Se fizer sentido, eu te mando o resumo e já começo."
Alles Haus Clínica Odontológica,(47) 98413-9561,100,nao tem agendamento online e pode estar perdendo consultas para concorrentes com agenda digital,sistema de agendamento online + landing page simples,"Oi, Alles Haus Clínica Odontológica, tudo certo? Analisei sua presença digital e percebi que nao tem agendamento online e pode estar perdendo consultas para concorrentes com agenda digital. Posso te entregar sistema de agendamento online + landing page simples por R$ 300, com pagamento 100% após a entrega e prazo de 24h. Se fizer sentido, eu te mando o resumo e já começo."
University Veterinary Hospital - FURB Blumenau,(47) 3239-6400,95,nao existe agenda online para consultas e retornos,sistema de agendamento online + lembretes,"Oi, University Veterinary Hospital - FURB Blumenau, tudo certo? Analisei sua presença digital e percebi que nao existe agenda online para consultas e retornos. Posso te entregar sistema de agendamento online + lembretes por R$ 300, com pagamento 100% após a entrega e prazo de 24h. Se fizer sentido, eu te mando o resumo e já começo."
Thao's Empreendimentos Imobiliários,(47) 99769-7887,95,nao foi possivel detectar sinais fortes de automacao no canal principal,landing page simples com WhatsApp e formulario,"Oi, Thao's Empreendimentos Imobiliários, tudo certo? Analisei sua presença digital e percebi que nao foi possivel detectar sinais fortes de automacao no canal principal. Posso te entregar landing page simples com WhatsApp e formulario por R$ 300, com pagamento 100% após a entrega e prazo de 24h. Se fizer sentido, eu te mando o resumo e já começo."
Torresul Imobiliária - Vila Nova,(47) 98811-7788,95,o site nao parece capturar leads de forma estruturada,landing page com formulario + integracao com CRM,"Oi, Torresul Imobiliária - Vila Nova, tudo certo? Analisei sua presença digital e percebi que o site nao parece capturar leads de forma estruturada. Posso te entregar landing page com formulario + integracao com CRM por R$ 300, com pagamento 100% após a entrega e prazo de 24h. Se fizer sentido, eu te mando o resumo e já começo."
Santos Corretora de Imóveis,(47) 99666-4466,95,o site nao parece capturar leads de forma estruturada,landing page com formulario + integracao com CRM,"Oi, Santos Corretora de Imóveis, tudo certo? Analisei sua presença digital e percebi que o site nao parece capturar leads de forma estruturada. Posso te entregar landing page com formulario + integracao com CRM por R$ 300, com pagamento 100% após a entrega e prazo de 24h. Se fizer sentido, eu te mando o resumo e já começo."
Centro Odontológico Sorria,(47) 99691-5554,90,"a presença digital existe, mas ainda da para aumentar conversao e previsibilidade",landing page de conversao + automacao basica,"Oi, Centro Odontológico Sorria, tudo certo? Analisei sua presença digital e percebi que a presença digital existe, mas ainda da para aumentar conversao e previsibilidade. Posso te entregar landing page de conversao + automacao basica por R$ 300, com pagamento 100% após a entrega e prazo de 24h. Se fizer sentido, eu te mando o resumo e já começo."
Oral Unic Implantes Gaspar,(47) 99204-0060,90,"a presença digital existe, mas ainda da para aumentar conversao e previsibilidade",landing page de conversao + automacao basica,"Oi, Oral Unic Implantes Gaspar, tudo certo? Analisei sua presença digital e percebi que a presença digital existe, mas ainda da para aumentar conversao e previsibilidade. Posso te entregar landing page de conversao + automacao basica por R$ 300, com pagamento 100% após a entrega e prazo de 24h. Se fizer sentido, eu te mando o resumo e já começo."
"Maximarques Odontologia - Implantes Dentários, Aparelhos Ortodônticos, Dentista em Gaspar",(47) 3018-1013,90,nao foi possivel detectar sinais fortes de automacao no canal principal,landing page simples com WhatsApp e formulario,"Oi, Maximarques Odontologia - Implantes Dentários, Aparelhos Ortodônticos, Dentista em Gaspar, tudo certo? Analisei sua presença digital e percebi que nao foi possivel detectar sinais fortes de automacao no canal principal. Posso te entregar landing page simples com WhatsApp e formulario por R$ 300, com pagamento 100% após a entrega e prazo de 24h. Se fizer sentido, eu te mando o resumo e já começo."
OralWelt - Implantes & Harmonização Facial,(47) 98469-4063,90,"o site existe, mas a captacao de lead parece fraca",landing page simples com formulario e WhatsApp,"Oi, OralWelt - Implantes & Harmonização Facial, tudo certo? Analisei sua presença digital e percebi que o site existe, mas a captacao de lead parece fraca. Posso te entregar landing page simples com formulario e WhatsApp por R$ 300, com pagamento 100% após a entrega e prazo de 24h. Se fizer sentido, eu te mando o resumo e já começo."
Oral Sin Implantes Gaspar,(47) 3230-0348,90,nao tem agendamento online e pode estar perdendo consultas para concorrentes com agenda digital,sistema de agendamento online + landing page simples,"Oi, Oral Sin Implantes Gaspar, tudo certo? Analisei sua presença digital e percebi que nao tem agendamento online e pode estar perdendo consultas para concorrentes com agenda digital. Posso te entregar sistema de agendamento online + landing page simples por R$ 300, com pagamento 100% após a entrega e prazo de 24h. Se fizer sentido, eu te mando o resumo e já começo."
Lube Odontologia - Implantes Blumenau,(47) 3326-4998,90,"a presença digital existe, mas ainda da para aumentar conversao e previsibilidade",landing page de conversao + automacao basica,"Oi, Lube Odontologia - Implantes Blumenau, tudo certo? Analisei sua presença digital e percebi que a presença digital existe, mas ainda da para aumentar conversao e previsibilidade. Posso te entregar landing page de conversao + automacao basica por R$ 300, com pagamento 100% após a entrega e prazo de 24h. Se fizer sentido, eu te mando o resumo e já começo."
Corbari Centro de Odontologia Especializada | Dentista em Gaspar,(47) 98810-0928,90,nao foi possivel detectar sinais fortes de automacao no canal principal,landing page simples com WhatsApp e formulario,"Oi, Corbari Centro de Odontologia Especializada | Dentista em Gaspar, tudo certo? Analisei sua presença digital e percebi que nao foi possivel detectar sinais fortes de automacao no canal principal. Posso te entregar landing page simples com WhatsApp e formulario por R$ 300, com pagamento 100% após a entrega e prazo de 24h. Se fizer sentido, eu te mando o resumo e já começo."
Conquist Odontologia | BLUMENAU,(47) 98448-0151,90,"a presença digital existe, mas ainda da para aumentar conversao e previsibilidade",landing page de conversao + automacao basica,"Oi, Conquist Odontologia | BLUMENAU, tudo certo? Analisei sua presença digital e percebi que a presença digital existe, mas ainda da para aumentar conversao e previsibilidade. Posso te entregar landing page de conversao + automacao basica por R$ 300, com pagamento 100% após a entrega e prazo de 24h. Se fizer sentido, eu te mando o resumo e já começo."
Implant Dentistry Center Maison,(47) 3326-6006,90,o site nao captura leads de forma clara,landing page de conversao com captura de contatos,"Oi, Implant Dentistry Center Maison, tudo certo? Analisei sua presença digital e percebi que o site nao captura leads de forma clara. Posso te entregar landing page de conversao com captura de contatos por R$ 300, com pagamento 100% após a entrega e prazo de 24h. Se fizer sentido, eu te mando o resumo e já começo."
Implant Dentistry Center Maison,(47) 3326-6006,90,o site nao captura leads de forma clara,landing page de conversao com captura de contatos,"Oi, Implant Dentistry Center Maison, tudo certo? Analisei sua presença digital e percebi que o site nao captura leads de forma clara. Posso te entregar landing page de conversao com captura de contatos por R$ 300, com pagamento 100% após a entrega e prazo de 24h. Se fizer sentido, eu te mando o resumo e já começo."
"Clínica Odontológica União - Implantes Dentários, Próteses Fixa, Aparelhos, Lentes e Dentistas em Gaspar",(47) 3332-6688,90,"a presença digital existe, mas ainda da para aumentar conversao e previsibilidade",landing page de conversao + automacao basica,"Oi, Clínica Odontológica União - Implantes Dentários, Próteses Fixa, Aparelhos, Lentes e Dentistas em Gaspar, tudo certo? Analisei sua presença digital e percebi que a presença digital existe, mas ainda da para aumentar conversao e previsibilidade. Posso te entregar landing page de conversao + automacao basica por R$ 300, com pagamento 100% após a entrega e prazo de 24h. Se fizer sentido, eu te mando o resumo e já começo."
